movie,year,imdb,metascore,votes
The Lord of the Rings: The Two Towers,2002,8.8,87,1628347
Catch Me If You Can,2002,8.1,75,959337
The Pianist,2002,8.5,85,817318
Spider-Man,2002,7.4,73,806310
Cidade de Deus,2002,8.6,79,748509
Star Wars: Episode II - Attack of the Clones,2002,6.6,54,702096
Harry Potter and the Chamber of Secrets,2002,7.4,63,624128
Minority Report,2002,7.7,80,546679
The Bourne Identity,2002,7.9,68,543189
Ice Age,2002,7.5,61,478463
Gangs of New York,2002,7.5,72,438332
28 Days Later...,2002,7.5,73,409835
Men in Black II,2002,6.1,49,372132
Signs,2002,6.8,59,360912
The Ring,2002,7.1,57,346273
Equilibrium,2002,7.4,33,328216
The Transporter,2002,6.8,51,302383
Insomnia,2002,7.2,78,293785
8 Mile,2002,7.1,77,285735
Panic Room,2002,6.8,65,278646
Red Dragon,2002,7.2,60,272086
Resident Evil,2002,6.6,33,269862
Phone Booth,2002,7.1,56,267988
Road to Perdition,2002,7.7,72,266599
Chicago,2002,7.2,81,229579
Die Another Day,2002,6.1,56,218901
Blade II,2002,6.7,52,217166
A Walk to Remember,2002,7.3,35,210556
Austin Powers in Goldmember,2002,6.2,62,209332
Adaptation.,2002,7.7,83,192036
Lilo & Stitch,2002,7.3,73,188781
About a Boy,2002,7.1,75,183567
Ying xiong,2002,7.9,85,181083
xXx,2002,5.8,48,179883
25th Hour,2002,7.6,68,178446
Punch-Drunk Love,2002,7.3,78,164146
Bowling for Columbine,2002,8.0,72,144469
Mr. Deeds,2002,5.8,24,144455
We Were Soldiers,2002,7.1,65,141594
The Scorpion King,2002,5.5,45,138263
The Count of Monte Cristo,2002,7.7,61,137854
Reign of Fire,2002,6.2,39,136226
Irréversible,2002,7.3,51,134100
John Q,2002,7.0,30,133834
My Big Fat Greek Wedding,2002,6.6,62,131771
The Hours,2002,7.5,80,131668
About Schmidt,2002,7.2,85,128736
The Time Machine,2002,5.9,42,124762
Mou gaan dou,2002,8.0,75,124400
One Hour Photo,2002,6.8,64,123484
Two Weeks Notice,2002,6.1,42,118311
Treasure Planet,2002,7.1,60,117392
The Sum of All Fears,2002,6.4,45,115612
Sweet Home Alabama,2002,6.2,45,113399
Hable con ella,2002,7.9,86,112231
Scooby-Doo,2002,5.2,35,112182
Bend It Like Beckham,2002,6.7,66,110695
National Lampoon's Van Wilder,2002,6.4,26,110041
Ghost Ship,2002,5.5,28,100940
The Hot Chick,2002,5.5,29,95940
Jackass: The Movie,2002,6.6,42,94971
Secretary,2002,6.9,63,91280
Ali G Indahouse,2002,6.2,46,91220
Maid in Manhattan,2002,5.3,45,89811
Frida,2002,7.3,61,89704
Unfaithful,2002,6.7,63,89499
Confessions of a Dangerous Mind,2002,7.0,67,88334
Analyze That,2002,5.9,37,85968
The Tuxedo,2002,5.4,30,84138
Solaris,2002,6.2,65,82984
The Mothman Prophecies,2002,6.4,52,80582
Star Trek: Nemesis,2002,6.4,51,79261
Cabin Fever,2002,5.6,56,78343
Spirit: Stallion of the Cimarron,2002,7.1,52,75694
Collateral Damage,2002,5.5,33,75160
40 Days and 40 Nights,2002,5.6,53,73669
Changing Lanes,2002,6.5,69,71929
Windtalkers,2002,6.1,51,69491
Boksuneun naui geot,2002,7.5,56,68847
Spy Kids 2: Island of Lost Dreams,2002,5.2,66,67595
K-19: The Widowmaker,2002,6.7,58,63530
Showtime,2002,5.5,32,63179
S1m0ne,2002,6.1,49,60776
The Sweetest Thing,2002,5.1,32,59075
Murder by Numbers,2002,6.1,50,57927
Eight Legged Freaks,2002,5.5,53,57322
The Santa Clause 2,2002,5.7,48,56908
Neko no ongaeshi,2002,7.2,70,56492
Queen of the Damned,2002,5.2,30,56168
Stuart Little 2,2002,5.5,66,54394
Hart's War,2002,6.3,49,53214
I Spy,2002,5.4,35,51687
The Rules of Attraction,2002,6.6,50,51610
Orange County,2002,6.2,48,50141
Bubba Ho-Tep,2002,6.9,57,48804
Bad Company,2002,5.6,37,48139
Far from Heaven,2002,7.3,84,46651
Kung Pow: Enter the Fist,2002,6.2,14,46417
Lilja 4-ever,2002,7.8,82,45713
The Good Girl,2002,6.4,71,45452
Blood Work,2002,6.4,64,45201
Ju-on,2002,6.7,48,44576
Enough,2002,5.7,25,43798
Halloween: Resurrection,2002,3.9,19,43592
High Crimes,2002,6.3,48,43403
In America,2002,7.7,76,43121
Dirty Pretty Things,2002,7.3,78,42580
Whale Rider,2002,7.5,80,42491
L'auberge espagnole,2002,7.3,65,41250
Narc,2002,7.1,70,41171
Death to Smoochy,2002,6.3,38,40589
Crossroads,2002,3.5,27,40267
Spun,2002,6.7,41,39032
Spider,2002,6.8,83,38975
Dragonfly,2002,6.1,25,38619
Big Fat Liar,2002,5.5,36,37457
24 Hour Party People,2002,7.3,85,37401
May,2002,6.6,58,37154
Femme Fatale,2002,6.2,59,35997
The New Guy,2002,5.8,24,35985
Antwone Fisher,2002,7.3,62,35934
Undercover Brother,2002,5.9,69,35012
The Rookie,2002,6.9,72,34974
Drumline,2002,5.9,63,34731
The Four Feathers,2002,6.5,49,34298
Igby Goes Down,2002,6.9,72,33544
White Oleander,2002,7.1,61,32530
Undisputed,2002,6.1,58,32505
8 femmes,2002,7.0,64,32381
Blue Crush,2002,5.7,61,31559
Barbershop,2002,6.3,66,31477
Boat Trip,2002,4.9,18,31456
The Salton Sea,2002,7.0,41,30990
Gin gwai,2002,6.7,66,29152
Rabbit-Proof Fence,2002,7.4,80,28885
The Quiet American,2002,7.0,84,28438
Rollerball,2002,3.1,14,28361
Friday After Next,2002,5.7,35,27912
The Magdalene Sisters,2002,7.7,83,27292
Snow Dogs,2002,5.2,29,27098
Hollywood Ending,2002,6.5,46,27086
Life or Something Like It,2002,5.7,31,26289
The Adventures of Pluto Nash,2002,3.8,12,25933
Heaven,2002,7.0,68,25677
The Master of Disguise,2002,3.3,12,25356
City by the Sea,2002,6.1,50,25304
Bloody Sunday,2002,7.6,90,24831
Trapped,2002,6.1,42,24185
Tuck Everlasting,2002,6.6,66,24018
Tasogare Seibei,2002,8.1,82,23955
The Importance of Being Earnest,2002,6.8,60,23593
Mies vailla menneisyyttä,2002,7.6,84,23579
Eight Crazy Nights,2002,5.3,23,23258
Below,2002,6.1,55,22615
Dark Blue,2002,6.6,57,22455
Feardotcom,2002,3.4,16,21585
Uzak,2002,7.5,84,21017
Like Mike,2002,5.3,47,20969
Big Trouble,2002,6.4,47,20830
Russkiy kovcheg,2002,7.3,86,20533
Return to Never Land,2002,5.8,49,20387
Swimfan,2002,5.0,29,20312
Ballistic: Ecks vs. Sever,2002,3.6,19,20115
Divine Secrets of the Ya-Ya Sisterhood,2002,6.0,48,19885
Darkness,2002,5.4,15,19696
À la folie... pas du tout,2002,7.1,63,19033
Gerry,2002,6.0,54,18851
Serving Sara,2002,5.3,18,17772
Roger Dodger,2002,6.9,75,17464
The Emperor's Club,2002,6.9,49,17239
Swept Away,2002,3.6,18,16886
The Lord of the Rings: The Return of the King,2003,9.0,94,1803261
Pirates of the Caribbean: The Curse of the Black Pearl,2003,8.1,63,1111455
Kill Bill: Vol. 1,2003,8.2,69,1098750
Finding Nemo,2003,8.2,90,1030569
The Matrix Reloaded,2003,7.2,62,589745
Oldeuboi,2003,8.4,77,570023
X2,2003,7.4,68,546405
The Matrix Revolutions,2003,6.7,47,509087
Love Actually,2003,7.6,55,477398
Mystic River,2003,7.9,84,453280
Lost in Translation,2003,7.7,89,450006
Big Fish,2003,8.0,58,438994
The Last Samurai,2003,7.8,55,436650
Bruce Almighty,2003,6.8,46,400321
Terminator 3: Rise of the Machines,2003,6.3,66,397712
The Italian Job,2003,7.0,68,366212
School of Rock,2003,7.2,82,303189
2 Fast 2 Furious,2003,5.9,38,272688
Underworld,2003,7.0,42,268958
Hulk,2003,5.6,54,266997
Elf,2003,7.0,64,263865
Bad Boys II,2003,6.6,38,249475
Identity,2003,7.3,64,246354
How to Lose a Guy in 10 Days,2003,6.4,45,236209
21 Grams,2003,7.7,70,235999
Old School,2003,7.0,54,231150
Master and Commander: The Far Side of the World,2003,7.4,81,220350
Daredevil,2003,5.3,42,219662
Anger Management,2003,6.2,52,215360
American Wedding,2003,6.3,43,205794
Salinui chueok,2003,8.1,82,179013
The League of Extraordinary Gentlemen,2003,5.8,30,176030
Final Destination 2,2003,6.2,38,166155
Once Upon a Time in Mexico,2003,6.3,56,162139
Johnny English,2003,6.2,51,160255
Monster,2003,7.3,74,151132
Cold Mountain,2003,7.2,73,148659
Dogville,2003,8.0,60,148364
S.W.A.T.,2003,6.0,45,147346
Scary Movie 3,2003,5.5,49,147320
Good Bye Lenin!,2003,7.7,68,145847
Bad Santa,2003,7.1,70,143629
The Texas Chainsaw Massacre,2003,6.2,38,142251
Lara Croft Tomb Raider: The Cradle of Life,2003,5.5,43,138438
Freaky Friday,2003,6.3,70,137976
The Recruit,2003,6.6,56,136188
Matchstick Men,2003,7.3,61,131425
Charlie's Angels: Full Throttle,2003,4.9,48,127881
Tears of the Sun,2003,6.6,48,122307
Something's Gotta Give,2003,6.7,66,121950
The Dreamers,2003,7.1,62,121094
The Life of David Gale,2003,7.5,31,120242
Wrong Turn,2003,6.1,32,119708
Freddy vs. Jason,2003,5.7,37,119214
Gothika,2003,5.8,38,113248
Brother Bear,2003,6.8,48,110032
Paycheck,2003,6.3,43,108822
The Rundown,2003,6.6,59,107381
Shanghai Knights,2003,6.2,58,106228
Cheaper by the Dozen,2003,5.9,46,102134
The Core,2003,5.5,48,99890
Runaway Jury,2003,7.1,61,97612
Intolerable Cruelty,2003,6.3,71,97405
Dreamcatcher,2003,5.5,35,92657
Elephant,2003,7.1,70,91481
The Room,2003,3.6,9,89136
Holes,2003,7.0,71,88606
Thirteen,2003,6.8,70,87943
House of 1000 Corpses,2003,6.0,31,85783
The Cat in the Hat,2003,4.0,19,82915
Mona Lisa Smile,2003,6.5,45,82872
Bom yeoreum gaeul gyeoul geurigo bom,2003,8.0,85,82781
Girl with a Pearl Earring,2003,6.9,72,78345
Ong-bak,2003,7.1,69,74722
Open Range,2003,7.4,67,73150
Seabiscuit,2003,7.3,72,73103
Peter Pan,2003,6.8,64,73023
Haute tension,2003,6.7,42,72227
Just Married,2003,5.4,28,71171
The Station Agent,2003,7.6,81,70532
Jeux d'enfants,2003,7.5,45,70042
Kal Ho Naa Ho,2003,7.9,54,68979
House of Sand and Fog,2003,7.5,71,68905
Daddy Day Care,2003,5.6,39,68707
"Legally Blonde 2: Red, White & Blonde",2003,4.7,47,67290
Jeepers Creepers 2,2003,5.6,36,64530
Coffee and Cigarettes,2003,7.0,65,63583
Timeline,2003,5.6,28,63331
What a Girl Wants,2003,5.8,41,63260
Basic,2003,6.4,34,63129
"Janghwa, Hongryeon",2003,7.1,65,62225
Out of Time,2003,6.5,63,61103
Spy Kids 3: Game Over,2003,4.3,57,60387
Duplex,2003,5.9,50,58115
Secondhand Lions,2003,7.5,52,57666
Sinbad: Legend of the Seven Seas,2003,6.7,48,54533
Les triplettes de Belleville,2003,7.7,91,54455
Open Water,2003,5.8,63,53918
Stuck on You,2003,5.8,62,53347
Under the Tuscan Sun,2003,6.7,52,53051
National Security,2003,5.6,31,50993
Bulletproof Monk,2003,5.4,40,50568
American Splendor,2003,7.4,90,50115
Zatôichi,2003,7.5,75,49629
Gigli,2003,2.6,18,48994
The Haunted Mansion,2003,5.1,34,48752
11:14,2003,7.1,65,47873
The Hunted,2003,6.0,40,47723
A Man Apart,2003,6.0,36,47534
Swimming Pool,2003,6.7,70,45955
Honey,2003,5.3,37,45819
Vozvrashchenie,2003,7.9,82,45506
Cradle 2 the Grave,2003,5.8,36,45067
Down with Love,2003,6.3,52,41899
The Medallion,2003,5.2,38,41730
Radio,2003,6.9,38,41102
Dumb and Dumberer: When Harry Met Lloyd,2003,3.4,19,39915
Tôkyô goddofâzâzu,2003,7.8,73,39914
The Lizzie McGuire Movie,2003,5.5,56,39699
Uptown Girls,2003,6.1,33,38841
Ondskan,2003,7.7,61,38648
Looney Tunes: Back in Action,2003,5.8,64,37593
Hollywood Homicide,2003,5.3,47,37551
House of the Dead,2003,2.1,15,37347
Bringing Down the House,2003,5.6,39,37345
The Missing,2003,6.5,55,36265
Touching the Void,2003,8.0,82,35861
Shattered Glass,2003,7.2,73,35630
Agent Cody Banks,2003,5.1,41,35101
Confidence,2003,6.6,59,34395
The Cooler,2003,6.9,69,34225
Darkness Falls,2003,4.9,23,31870
Kangaroo Jack,2003,4.4,16,31825
Anything Else,2003,6.3,43,31291
The Human Stain,2003,6.2,57,31045
My Boss's Daughter,2003,4.7,15,29557
Les invasions barbares,2003,7.5,70,29312
Beyond Borders,2003,6.4,32,28393
A Mighty Wind,2003,7.2,81,28123
View from the Top,2003,5.3,27,27215
Ned Kelly,2003,6.4,56,27107
Calendar Girls,2003,6.9,60,26558
From Justin to Kelly,2003,1.9,14,26481
Capturing the Friedmans,2003,7.7,90,25785
Kontroll,2003,7.6,72,25663
My Life Without Me,2003,7.4,57,25073
In the Cut,2003,5.3,46,24575
The Fog of War: Eleven Lessons from the Life of Robert S. McNamara,2003,8.1,87,24316
The United States of Leland,2003,7.0,37,23505
Cold Creek Manor,2003,5.0,37,22929
Wonderland,2003,6.5,43,22406
De grønne slagtere,2003,7.2,54,22359
La meglio gioventù,2003,8.5,89,22034
The Corporation,2003,8.0,73,21337
Pieces of April,2003,7.0,70,21144
Saints and Soldiers,2003,6.7,56,20785
Code 46,2003,6.1,57,20665
Veronica Guerin,2003,6.8,55,20502
Head of State,2003,5.4,44,20403
Malibu's Most Wanted,2003,5.2,43,19887
Carandiru,2003,7.5,71,19856
Willard,2003,6.1,61,19618
Eternal Sunshine of the Spotless Mind,2004,8.3,89,993211
Kill Bill: Vol. 2,2004,8.0,83,746447
The Incredibles,2004,8.0,90,724783
Million Dollar Baby,2004,8.1,86,681834
Spider-Man 2,2004,7.4,83,643619
Harry Potter and the Prisoner of Azkaban,2004,7.9,82,623350
The Notebook,2004,7.8,53,565810
Shaun of the Dead,2004,7.9,76,552704
"I, Robot",2004,7.1,59,535419
Troy,2004,7.3,56,529606
The Butterfly Effect,2004,7.6,30,485520
The Bourne Supremacy,2004,7.7,73,461075
Shrek 2,2004,7.3,75,457809
The Terminal,2004,7.4,55,454001
The Day After Tomorrow,2004,6.4,47,445151
Crash,2004,7.8,66,435405
Saw,2004,7.6,46,416027
Collateral,2004,7.5,71,397535
Hauru no ugoku shiro,2004,8.2,80,387668
Ocean's Twelve,2004,6.5,58,387363
The Machinist,2004,7.7,61,386522
Mean Girls,2004,7.1,66,378535
Man on Fire,2004,7.7,47,360542
The Aviator,2004,7.5,77,359148
Anchorman: The Legend of Ron Burgundy,2004,7.1,63,355147
Hotel Rwanda,2004,8.1,79,353976
Der Untergang,2004,8.2,82,353339
50 First Dates,2004,6.8,48,352844
National Treasure,2004,6.9,39,330240
Hellboy,2004,6.8,72,327042
Meet the Fockers,2004,6.3,41,269934
Van Helsing,2004,6.0,35,264431
Before Sunset,2004,8.1,90,261369
The Village,2004,6.6,44,260216
Dawn of the Dead,2004,7.3,59,254020
Dodgeball: A True Underdog Story,2004,6.7,55,248245
The Passion of the Christ,2004,7.2,47,231198
The Chronicles of Riddick,2004,6.6,38,227684
The Girl Next Door,2004,6.7,47,224681
Napoleon Dynamite,2004,6.9,64,217933
Closer,2004,7.2,65,217715
Garden State,2004,7.4,67,216266
EuroTrip,2004,6.6,45,209230
A Series of Unfortunate Events,2004,6.8,62,208393
Finding Neverland,2004,7.7,67,206283
The Polar Express,2004,6.6,61,204554
Resident Evil: Apocalypse,2004,6.1,35,199253
AVP: Alien vs. Predator,2004,5.6,29,199168
Secret Window,2004,6.5,46,196540
The Life Aquatic with Steve Zissou,2004,7.2,62,196469
Harold & Kumar Go to White Castle,2004,7.0,64,195562
Sideways,2004,7.5,94,191145
13 Going on 30,2004,6.2,57,190106
Shark Tale,2004,6.0,48,182206
Layer Cake,2004,7.3,73,180157
Blade: Trinity,2004,5.8,38,177213
Alexander,2004,5.6,39,169772
Team America: World Police,2004,7.2,64,169057
King Arthur,2004,6.3,46,167803
The Punisher,2004,6.4,33,160235
Ray,2004,7.7,73,147433
Starsky & Hutch,2004,6.1,55,147380
The Grudge,2004,5.9,49,144693
White Chicks,2004,5.7,41,144661
Kung fu,2004,7.7,78,138898
Along Came Polly,2004,6.0,44,135604
Fahrenheit 9/11,2004,7.5,67,129594
The Phantom of the Opera,2004,7.2,40,122820
Catwoman,2004,3.4,27,119409
Bridget Jones: The Edge of Reason,2004,5.9,44,113942
Shi mian mai fu,2004,7.5,89,112083
The Manchurian Candidate,2004,6.6,76,110890
Super Size Me,2004,7.2,73,108598
Primer,2004,6.8,68,106507
The Ladykillers,2004,6.2,56,104838
Diarios de motocicleta,2004,7.8,75,101180
Cellular,2004,6.5,60,100965
The SpongeBob SquarePants Movie,2004,7.1,66,90580
Taking Lives,2004,6.2,38,90049
Around the World in 80 Days,2004,5.8,49,90019
A Cinderella Story,2004,5.9,25,87445
Garfield,2004,5.0,27,86514
Sky Captain and the World of Tomorrow,2004,6.1,64,84911
Spanglish,2004,6.4,48,84099
Hidalgo,2004,6.7,54,82135
Mar adentro,2004,8.0,74,81721
The Princess Diaries 2: Royal Engagement,2004,5.8,43,81033
Walking Tall,2004,6.2,44,76114
Un long dimanche de fiançailles,2004,7.6,76,73857
Banlieue 13,2004,7.1,70,70355
Mysterious Skin,2004,7.6,73,69976
Ella Enchanted,2004,6.3,53,68482
The Family Stone,2004,6.3,56,67945
Jersey Girl,2004,6.2,43,66404
The Forgotten,2004,5.8,43,66133
The Stepford Wives,2004,5.3,42,66128
I Heart Huckabees,2004,6.6,55,64508
Wimbledon,2004,6.3,59,64439
Friday Night Lights,2004,7.2,70,63382
Les choristes,2004,7.8,56,62059
Mindhunters,2004,6.3,33,61230
La mala educación,2004,7.4,81,59990
Ladder 49,2004,6.5,47,57900
2046,2004,7.4,78,57577
Scooby-Doo 2: Monsters Unleashed,2004,5.1,34,57232
The Whole Ten Yards,2004,5.4,24,56421
Wicker Park,2004,6.9,40,56340
In Good Company,2004,6.5,66,55292
Bin-jip,2004,7.9,72,55113
Flight of the Phoenix,2004,6.1,47,54635
Miracle,2004,7.4,68,54566
Gegen die Wand,2004,7.9,78,54330
Nochnoy dozor,2004,6.4,58,54014
Dead Man's Shoes,2004,7.6,52,53833
Veer-Zaara,2004,7.8,67,52869
Alfie,2004,6.2,49,52799
Christmas with the Kranks,2004,5.4,22,49438
Kinsey,2004,7.1,79,49338
Without a Paddle,2004,5.8,29,47888
After the Sunset,2004,6.2,38,47674
Shall We Dance?,2004,6.1,47,47170
Saved!,2004,6.7,62,46809
Seed of Chucky,2004,4.8,46,45177
Taxi,2004,4.5,27,42577
Chasing Liberty,2004,6.0,46,39760
Taegukgi hwinalrimyeo,2004,8.0,64,39717
The Prince & Me,2004,5.8,47,39518
Inosensu: Innocence,2004,7.4,66,38417
The Adventures of Sharkboy and Lavagirl 3-D,2004,3.6,38,37948
Raising Helen,2004,6.0,38,37076
Exorcist: The Beginning,2004,5.1,30,36950
Birth,2004,6.2,50,36849
The Merchant of Venice,2004,7.0,63,36714
The Libertine,2004,6.2,44,36520
Maria Full of Grace,2004,7.4,87,35170
The Woodsman,2004,7.2,72,33663
The Final Cut,2004,6.1,43,33083
Melinda and Melinda,2004,6.4,54,32362
Mean Creek,2004,7.2,74,32055
Spartan,2004,6.5,60,31996
Anacondas: The Hunt for the Blood Orchid,2004,4.7,40,31743
Die fetten Jahre sind vorbei,2004,7.4,68,31718
Envy,2004,4.8,31,31229
Superbabies: Baby Geniuses 2,2004,1.5,9,31075
Club Dread,2004,5.6,45,29949
Confessions of a Teenage Drama Queen,2004,4.6,33,29373
Torque,2004,4.1,41,28381
Dirty Dancing: Havana Nights,2004,5.9,39,28260
Win a Date with Tad Hamilton!,2004,5.6,52,28124
Raise Your Voice,2004,5.8,33,27993
Dare mo shiranai,2004,8.0,88,27966
You Got Served,2004,3.8,37,27958
A Love Song for Bobby Long,2004,7.1,48,26259
Godsend,2004,4.8,24,25771
The Assassination of Richard Nixon,2004,6.9,63,25740
Vera Drake,2004,7.6,83,25608
Millions,2004,6.8,74,25583
The Perfect Score,2004,5.6,35,25270
Surviving Christmas,2004,5.4,19,24743
First Daughter,2004,5.0,31,23609
New York Minute,2004,4.9,33,23600
Laws of Attraction,2004,5.8,38,23494
Home on the Range,2004,5.3,50,23219
Batman Begins,2005,8.2,70,1447099
V for Vendetta,2005,8.2,62,1109424
Star Wars: Episode III - Revenge of the Sith,2005,7.6,68,780601
Sin City,2005,8.0,74,764870
Harry Potter and the Goblet of Fire,2005,7.7,81,616303
Mr. & Mrs. Smith,2005,6.5,55,490572
Charlie and the Chocolate Factory,2005,6.7,72,474684
War of the Worlds,2005,6.5,73,446090
The 40 Year Old Virgin,2005,7.1,73,432791
King Kong,2005,7.2,81,420523
Madagascar,2005,6.9,57,399917
"The Chronicles of Narnia: The Lion, the Witch and the Wardrobe",2005,6.9,75,394790
Brokeback Mountain,2005,7.7,87,354328
Wedding Crashers,2005,7.0,64,354056
Constantine,2005,7.0,50,340521
Fantastic Four,2005,5.7,40,328871
Hitch,2005,6.6,58,316361
Lord of War,2005,7.6,62,315676
The Island,2005,6.8,50,315556
Serenity,2005,7.8,74,295358
Pride & Prejudice,2005,7.8,82,292627
Kingdom of Heaven,2005,7.2,63,286787
Corpse Bride,2005,7.3,83,269080
Saw II,2005,6.6,40,251057
Walk the Line,2005,7.8,72,249923
A History of Violence,2005,7.4,81,238224
Kiss Kiss Bang Bang,2005,7.5,72,226508
Munich,2005,7.5,74,226190
The Descent,2005,7.2,71,221957
Thank You for Smoking,2005,7.5,71,221231
Match Point,2005,7.6,72,217551
Transporter 2,2005,6.3,56,202812
The Hitchhiker's Guide to the Galaxy,2005,6.7,63,198397
Jarhead,2005,7.0,58,189019
Cinderella Man,2005,8.0,69,187227
Hostel,2005,5.9,55,179752
The Longest Yard,2005,6.4,48,178639
Flightplan,2005,6.3,53,162401
Hard Candy,2005,7.0,58,160868
Hooligans,2005,7.4,55,150830
Memoirs of a Geisha,2005,7.3,54,149145
Coach Carter,2005,7.3,57,147614
Robots,2005,6.4,64,146546
Four Brothers,2005,6.8,49,146493
Fun with Dick and Jane,2005,6.1,47,145479
The Constant Gardener,2005,7.4,82,141262
The Curse of the Were-Rabbit,2005,7.5,87,135291
Capote,2005,7.3,88,133154
Syriana,2005,6.9,76,130370
The Exorcism of Emily Rose,2005,6.7,46,129728
Æon Flux,2005,5.4,36,128448
House of Wax,2005,5.4,41,124177
Red Eye,2005,6.5,71,121260
The Brothers Grimm,2005,5.9,51,121240
Just Friends,2005,6.2,47,117942
The Skeleton Key,2005,6.5,47,114445
Doom,2005,5.2,34,113632
The Jacket,2005,7.1,44,113546
The Amityville Horror,2005,5.9,33,112123
Hostage,2005,6.5,44,110670
Just Like Heaven,2005,6.7,47,109149
The Interpreter,2005,6.4,62,107141
Brick,2005,7.2,72,105930
Zathura: A Space Adventure,2005,6.2,67,104371
Unleashed,2005,7.0,58,103026
Broken Flowers,2005,7.2,79,102917
The Legend of Zorro,2005,5.9,47,101876
The Devil's Rejects,2005,6.7,53,99879
Sahara,2005,6.0,41,98270
Waiting...,2005,6.7,30,98071
"Good Night, and Good Luck.",2005,7.4,80,97960
Land of the Dead,2005,6.2,71,96646
The Ring Two,2005,5.4,44,96203
Revolver,2005,6.3,25,96003
The Pacifier,2005,5.6,30,94434
Elektra,2005,4.7,34,93116
Chicken Little,2005,5.7,48,92690
Sky High,2005,6.3,62,87246
The New World,2005,6.7,69,86500
Hide and Seek,2005,5.9,35,85521
The Squid and the Whale,2005,7.3,82,83396
The Weather Man,2005,6.6,61,80506
Caché,2005,7.3,84,80035
Stay,2005,6.7,41,79591
The Dukes of Hazzard,2005,5.1,33,79066
Chinjeolhan geumjassi,2005,7.5,75,78916
Assault on Precinct 13,2005,6.3,54,78618
Into the Blue,2005,5.9,45,76743
Nanny McPhee,2005,6.6,59,76605
Miss Congeniality 2: Armed & Fabulous,2005,5.1,34,75155
Derailed,2005,6.6,40,73880
Wolf Creek,2005,6.2,54,72783
Bewitched,2005,4.8,34,72552
xXx: State of the Union,2005,4.4,37,70723
Elizabethtown,2005,6.3,45,70326
Be Cool,2005,5.6,37,69894
A Lot Like Love,2005,6.6,48,69372
Domino,2005,5.9,36,67260
Harsh Times,2005,6.8,56,65960
Goal!,2005,6.7,53,63379
Dark Water,2005,5.6,52,62760
In Her Shoes,2005,6.5,60,62446
Hoodwinked!,2005,6.5,45,61668
Monster-in-Law,2005,5.5,31,61625
The Sisterhood of the Traveling Pants,2005,6.5,66,60716
Cheaper by the Dozen 2,2005,5.5,34,59018
Rumor Has It...,2005,5.5,35,58496
Everything Is Illuminated,2005,7.4,58,58492
March of the Penguins,2005,7.5,79,58103
Grizzly Man,2005,7.8,87,57458
Son of the Mask,2005,2.2,20,56292
Lords of Dogtown,2005,7.1,56,55346
The World's Fastest Indian,2005,7.8,68,55011
Casanova,2005,6.5,57,54481
Stealth,2005,5.0,35,54243
Rent,2005,6.8,53,53397
The Proposition,2005,7.3,73,52752
The Wedding Date,2005,6.1,32,52551
Deuce Bigalow: European Gigolo,2005,4.6,23,51053
Adams æbler,2005,7.7,51,50714
White Noise,2005,5.5,30,49117
Herbie Fully Loaded,2005,4.9,47,48005
Get Rich or Die Tryin',2005,5.4,45,47334
Two for the Money,2005,6.2,50,46214
Alone in the Dark,2005,2.4,9,45615
Fever Pitch,2005,6.2,56,45476
The Matador,2005,6.7,65,45161
Proof,2005,6.7,64,44927
Guess Who,2005,5.9,49,43026
The Producers,2005,6.3,52,42924
North Country,2005,7.3,68,42783
Transamerica,2005,7.4,66,41391
Prime,2005,6.2,58,41119
Hustle & Flow,2005,7.3,68,40772
The Three Burials of Melquiades Estrada,2005,7.3,77,40628
The Cave,2005,5.1,30,38920
Kicking & Screaming,2005,5.6,45,38393
Tom yum goong,2005,7.0,52,37443
The Fog,2005,3.7,27,37188
The Ringer,2005,5.8,46,37040
Me and You and Everyone We Know,2005,7.2,76,36511
BloodRayne,2005,2.9,18,35677
Keeping Mum,2005,6.8,53,34834
Angel-A,2005,7.0,48,33968
Tideland,2005,6.3,26,33391
Cursed,2005,5.0,31,33017
C.R.A.Z.Y.,2005,7.9,81,32897
Oliver Twist,2005,6.8,65,32886
Imagine Me & You,2005,6.7,49,32810
Are We There Yet?,2005,4.7,27,32265
Must Love Dogs,2005,5.9,46,32048
Feast,2005,6.2,43,31987
An Unfinished Life,2005,7.0,49,31288
Boogeyman,2005,4.1,32,31275
The Greatest Game Ever Played,2005,7.4,55,30916
The Perfect Man,2005,5.4,27,30583
Joyeux Noël,2005,7.7,70,29835
Tsotsi,2005,7.2,70,28614
"Yours, Mine & Ours",2005,5.4,38,28608
Sophie Scholl - Die letzten Tage,2005,7.6,76,27715
Cry Wolf,2005,5.8,39,27486
Ice Princess,2005,6.0,55,27279
An American Haunting,2005,5.0,38,25893
The Man,2005,5.5,33,25828
The Ice Harvest,2005,6.2,62,24152
Shopgirl,2005,6.3,62,24142
Man of the House,2005,5.4,35,24110
Little Manhattan,2005,7.4,52,23805
Manderlay,2005,7.2,46,23715
The Prestige,2006,8.5,66,1311356
The Departed,2006,8.5,85,1304459
300,2006,7.6,52,812260
Pirates of the Caribbean: Dead Man's Chest,2006,7.3,53,710856
Pan's Labyrinth,2006,8.2,98,662428
Casino Royale,2006,8.0,80,651503
Blood Diamond,2006,8.0,64,543433
X-Men: The Last Stand,2006,6.6,58,513520
The Pursuit of Happyness,2006,8.0,64,504132
Children of Men,2006,7.9,84,496471
Little Miss Sunshine,2006,7.8,80,476534
The Da Vinci Code,2006,6.6,46,430062
Cars,2006,7.2,73,414756
The Devil Wears Prada,2006,6.9,62,413869
Borat: Cultural Learnings of America for Make Benefit Glorious Nation of Kazakhstan,2006,7.3,89,405382
The Lives of Others,2006,8.4,89,386640
The Illusionist,2006,7.6,68,371204
Inside Man,2006,7.6,76,370431
Mission: Impossible III,2006,6.9,66,354642
Night at the Museum,2006,6.4,48,344465
Click,2006,6.4,45,329149
Lucky Number Slevin,2006,7.7,53,312312
Apocalypto,2006,7.8,68,311109
Deja Vu,2006,7.1,59,310161
Babel,2006,7.5,69,302155
The Holiday,2006,6.9,52,283193
Superman Returns,2006,6.1,72,282724
Ice Age: The Meltdown,2006,6.8,60,276630
The Fast and the Furious: Tokyo Drift,2006,6.0,45,269699
Perfume: The Story of a Murderer,2006,7.5,56,249292
Crank,2006,6.9,57,248909
The Fountain,2006,7.2,51,238578
Silent Hill,2006,6.5,31,228438
Stranger Than Fiction,2006,7.6,67,228381
Rocky Balboa,2006,7.1,63,215761
Underworld: Evolution,2006,6.7,36,199788
Saw III,2006,6.2,48,192836
The Last King of Scotland,2006,7.6,74,185863
Happy Feet,2006,6.4,77,184926
Talladega Nights: The Ballad of Ricky Bobby,2006,6.6,66,184101
Over the Hedge,2006,6.7,67,174368
The Hills Have Eyes,2006,6.4,52,170708
Letters from Iwo Jima,2006,7.9,89,162467
Idiocracy,2006,6.5,66,162455
She's the Man,2006,6.3,45,158793
The Lake House,2006,6.8,52,149628
Smokin' Aces,2006,6.6,45,145591
Final Destination 3,2006,5.8,41,141659
Snakes on a Plane,2006,5.5,58,139373
Clerks II,2006,7.3,65,134873
The Break-Up,2006,5.8,45,132646
Accepted,2006,6.4,47,132408
16 Blocks,2006,6.6,63,130887
Eragon,2006,5.1,38,126565
Flushed Away,2006,6.6,74,125529
Flags of Our Fathers,2006,7.1,79,123526
This Is England,2006,7.7,86,122127
Scary Movie 4,2006,5.1,40,121337
Gwoemul,2006,7.1,85,120851
Step Up,2006,6.5,48,118862
Monster House,2006,6.6,68,117945
Miami Vice,2006,6.0,66,117225
The Fall,2006,7.8,64,112153
A Scanner Darkly,2006,7.0,73,112001
Little Children,2006,7.5,75,111265
Marie Antoinette,2006,6.5,65,111236
The Queen,2006,7.3,91,110373
Tenacious D in The Pick of Destiny,2006,6.8,55,109113
United 93,2006,7.6,90,106310
Rescue Dawn,2006,7.3,77,106266
Poseidon,2006,5.7,50,104874
Alpha Dog,2006,6.9,53,103537
The Good Shepherd,2006,6.7,61,103383
Volver,2006,7.6,84,101670
Running Scared,2006,7.3,41,100203
Lady in the Water,2006,5.5,36,99789
Open Season,2006,6.1,49,96038
A Good Year,2006,6.9,47,95659
The Guardian,2006,6.9,53,93160
The Painted Veil,2006,7.4,69,92938
Nacho Libre,2006,5.8,52,87696
Half Nelson,2006,7.1,85,87543
Cashback,2006,7.1,54,87318
The Pink Panther,2006,5.6,38,86585
Scoop,2006,6.6,48,84577
John Tucker Must Die,2006,5.7,41,84081
World Trade Center,2006,6.0,66,83806
An Inconvenient Truth,2006,7.4,75,83327
Grandma's Boy,2006,6.9,33,83240
Papurika,2006,7.7,81,82588
Ultraviolet,2006,4.3,18,82050
Slither,2006,6.5,69,82022
"You, Me and Dupree",2006,5.6,46,81540
Failure to Launch,2006,5.6,47,80579
Notes on a Scandal,2006,7.4,73,78848
Zwartboek,2006,7.7,71,76908
Huo Yuan Jia,2006,7.6,70,76018
Jackass Number Two,2006,7.0,66,75704
The Black Dahlia,2006,5.6,49,74307
Dreamgirls,2006,6.5,76,73855
The Texas Chainsaw Massacre: The Beginning,2006,5.8,30,73041
"Paris, je t'aime",2006,7.2,66,72685
Invincible,2006,7.0,63,71101
La science des rêves,2006,7.2,70,69376
Beerfest,2006,6.2,46,68425
The Wicker Man,2006,3.7,36,68003
Gridiron Gang,2006,7.0,52,65855
Eight Below,2006,7.3,64,64914
My Super Ex-Girlfriend,2006,5.2,50,64603
Black Snake Moan,2006,6.9,52,63823
Penelope,2006,6.7,48,63403
We Are Marshall,2006,7.0,53,61690
RV,2006,5.5,33,59931
Date Movie,2006,2.8,11,59664
The Omen,2006,5.5,43,59383
Firewall,2006,5.8,45,58014
Inland Empire,2006,6.8,73,57664
Just My Luck,2006,5.4,29,57339
Wristcutters: A Love Story,2006,7.2,62,56085
Little Man,2006,4.4,26,55108
Ne le dis à personne,2006,7.5,82,54787
Tristan + Isolde,2006,6.8,49,52621
The Benchwarmers,2006,5.5,25,51398
The Wind that Shakes the Barley,2006,7.5,82,50355
The Sentinel,2006,6.1,49,49771
The Covenant,2006,5.1,19,49567
The Grudge 2,2006,5.0,33,49539
Employee of the Month,2006,5.5,36,47992
Glory Road,2006,7.2,58,46271
When a Stranger Calls,2006,5.1,27,46203
Candy,2006,7.2,57,45771
DOA: Dead or Alive,2006,4.8,38,44893
Man cheng jin dai huang jin jia,2006,7.0,70,44270
Big Momma's House 2,2006,4.7,34,43710
Garfield: A Tale of Two Kitties,2006,5.0,37,43133
Flyboys,2006,6.5,47,42926
Aquamarine,2006,5.3,51,42278
Charlotte's Web,2006,6.3,68,42117
Bobby,2006,7.0,54,42083
The Last Kiss,2006,6.4,57,41720
Black Sheep,2006,5.8,62,40770
Gedo senki,2006,6.4,47,39814
Basic Instinct 2,2006,4.3,26,39688
The Ant Bully,2006,5.8,59,39642
Southland Tales,2006,5.3,44,39013
Severance,2006,6.4,62,39000
Turistas,2006,5.4,36,38886
The Santa Clause 3: The Escape Clause,2006,4.7,32,37461
Arthur et les Minimoys,2006,6.0,39,37327
Bug,2006,6.1,62,35302
Efter brylluppet,2006,7.7,78,34748
Find Me Guilty,2006,7.0,65,34681
Hollywoodland,2006,6.5,62,34468
Dnevnoy dozor,2006,6.4,59,34466
The Marine,2006,4.7,45,34158
Shortbus,2006,6.4,64,33709
Man of the Year,2006,6.2,39,33465
All the Boys Love Mandy Lane,2006,5.5,44,33370
Stay Alive,2006,5.0,24,32483
Hors de prix,2006,7.0,72,32242
Seraphim Falls,2006,6.6,62,31968
Last Holiday,2006,6.5,52,31885
Hatchet,2006,5.6,57,31253
Barnyard,2006,5.6,42,31251
Goya's Ghosts,2006,6.9,52,30774
Ils,2006,6.4,60,30724
Friends with Money,2006,5.8,68,30631
Unknown,2006,6.4,44,30461
Miss Potter,2006,7.0,57,30053
No Country for Old Men,2007,8.2,92,955753
I Am Legend,2007,7.2,65,748053
Ratatouille,2007,8.1,96,720864
Pirates of the Caribbean: At World's End,2007,7.1,50,644875
Transformers,2007,7.0,61,632807
The Bourne Ultimatum,2007,8.0,85,631627
Into the Wild,2007,8.1,73,618106
Spider-Man 3,2007,6.2,59,582801
There Will Be Blood,2007,8.2,93,578562
Superbad,2007,7.6,76,572514
Harry Potter and the Order of the Phoenix,2007,7.5,71,572313
Zodiac,2007,7.7,78,533003
Juno,2007,7.5,81,519710
Hot Fuzz,2007,7.8,81,501295
American Gangster,2007,7.8,76,423653
Live Free or Die Hard,2007,7.1,69,404907
Knocked Up,2007,6.9,85,368502
Sweeney Todd: The Demon Barber of Fleet Street,2007,7.3,83,366629
Ocean's Thirteen,2007,6.9,62,344635
Shooter,2007,7.2,53,332312
The Simpsons Movie,2007,7.3,80,328456
3:10 to Yuma,2007,7.7,76,309806
The Mist,2007,7.1,58,307259
Shrek the Third,2007,6.1,58,304451
Atonement,2007,7.8,85,275906
28 Weeks Later,2007,6.9,78,275010
1408,2007,6.8,64,272184
Stardust,2007,7.6,66,271370
Gone Baby Gone,2007,7.6,72,271226
4: Rise of the Silver Surfer,2007,5.6,45,264968
Sunshine,2007,7.2,64,249601
The Bucket List,2007,7.4,42,245101
Eastern Promises,2007,7.6,82,241890
Ghost Rider,2007,5.2,35,238504
Paranormal Activity,2007,6.3,68,237897
National Treasure: Book of Secrets,2007,6.5,48,236255
Disturbia,2007,6.8,62,235100
P.S. I Love You,2007,7.0,39,209715
Fracture,2007,7.2,68,204926
The Darjeeling Limited,2007,7.2,67,198534
Enchanted,2007,7.1,75,197304
Resident Evil: Extinction,2007,6.2,41,195452
The Golden Compass,2007,6.1,51,187959
Grindhouse,2007,7.5,77,184468
The Assassination of Jesse James by the Coward Robert Ford,2007,7.5,68,180724
[Rec],2007,7.4,71,178861
30 Days of Night,2007,6.6,53,176231
Hitman,2007,6.2,35,169960
Blades of Glory,2007,6.3,64,168858
Beowulf,2007,6.3,59,168012
Rush Hour 3,2007,6.2,44,167335
Michael Clayton,2007,7.2,82,165856
Bee Movie,2007,6.1,54,161151
Next,2007,6.2,42,158458
Bridge to Terabithia,2007,7.2,74,156248
El orfanato,2007,7.4,74,155319
Mr. Brooks,2007,7.3,45,150640
Shoot 'Em Up,2007,6.6,49,150441
Saw IV,2007,5.9,36,150326
I Now Pronounce You Chuck & Larry,2007,5.9,37,147655
Evan Almighty,2007,5.4,37,147448
Lars and the Real Girl,2007,7.3,70,145657
Hairspray,2007,6.7,81,130169
Mr. Bean's Holiday,2007,6.4,56,125897
The Kingdom,2007,7.0,56,125617
AVPR: Aliens vs Predator - Requiem,2007,4.6,29,125286
Halloween,2007,6.0,47,120121
Wild Hogs,2007,5.8,27,118824
Charlie Wilson's War,2007,7.0,67,118342
Once,2007,7.8,88,116448
Death at a Funeral,2007,7.3,67,115909
Across the Universe,2007,7.3,56,110581
Hannibal Rising,2007,6.1,35,110203
Le scaphandre et le papillon,2007,8.0,92,107596
August Rush,2007,7.4,38,107516
Epic Movie,2007,2.4,17,105680
Before the Devil Knows You're Dead,2007,7.3,85,104064
Tropa de Elite,2007,8.0,33,103866
Music and Lyrics,2007,6.5,59,103146
Dan in Real Life,2007,6.8,65,102942
Vacancy,2007,6.2,54,100751
Meet the Robinsons,2007,6.8,61,99628
Funny Games,2007,6.5,44,97111
Reign Over Me,2007,7.4,61,96580
Persepolis,2007,8.0,90,94482
Dead Silence,2007,6.1,34,94364
The Heartbreak Kid,2007,5.8,46,91773
War,2007,6.2,36,91086
Good Luck Chuck,2007,5.6,19,90489
Hostel: Part II,2007,5.5,46,90346
We Own the Night,2007,6.8,59,89062
La Vie en Rose,2007,7.6,66,86988
Hot Rod,2007,6.7,43,86206
Alvin and the Chipmunks,2007,5.2,39,85494
The Kite Runner,2007,7.6,61,80227
Chak De! India,2007,8.1,68,80033
Surf's Up,2007,6.7,64,79389
The Invasion,2007,5.9,45,78973
Premonition,2007,5.9,29,78762
Freedom Writers,2007,7.6,64,78624
88 Minutes,2007,5.9,17,76444
Awake,2007,6.5,33,75986
Sicko,2007,8.0,74,75510
No Reservations,2007,6.3,50,75156
Norbit,2007,4.1,27,74473
Walk Hard: The Dewey Cox Story,2007,6.8,63,73273
In the Valley of Elah,2007,7.2,65,72840
Death Sentence,2007,6.7,36,71940
Elizabeth: The Golden Age,2007,6.8,45,71522
Run Fatboy Run,2007,6.6,48,67973
The Game Plan,2007,6.1,44,66297
Charlie Bartlett,2007,6.9,54,65310
Control,2007,7.6,78,65273
TMNT,2007,6.2,41,64747
The Hills Have Eyes II,2007,5.1,32,64315
Los cronocrímenes,2007,7.1,68,63842
Becoming Jane,2007,7.0,55,61901
The Brave One,2007,6.7,56,61091
"4 luni, 3 saptamâni si 2 zile",2007,7.9,97,60280
The Nanny Diaries,2007,6.2,46,59953
Breach,2007,7.0,74,59934
The Great Debaters,2007,7.5,65,58943
I'm Not There,2007,6.8,73,58906
The Lookout,2007,7.0,73,58898
Rendition,2007,6.8,55,56051
My Blueberry Nights,2007,6.6,51,54373
The Condemned,2007,6.0,23,52444
Cassandra's Dream,2007,6.6,49,52288
Lions for Lambs,2007,6.2,47,50248
In the Name of the King: A Dungeon Siege Tale,2007,3.8,15,49155
Sydney White,2007,6.2,45,48831
Perfect Stranger,2007,5.7,31,48190
Diary of the Dead,2007,5.6,66,47617
Mongol,2007,7.2,74,46877
Waitress,2007,7.0,75,46826
Mr. Magorium's Wonder Emporium,2007,6.2,48,45897
Die Fälscher,2007,7.5,78,45750
Pathfinder,2007,5.4,29,44570
Fred Claus,2007,5.6,42,43924
Teeth,2007,5.4,57,43869
The Reaping,2007,5.6,36,43370
The Visitor,2007,7.6,79,43227
The Hitcher,2007,5.6,28,43046
Balls of Fury,2007,5.3,38,42817
Cleaner,2007,6.1,49,42767
"Se, jie",2007,7.5,61,41696
The Water Horse,2007,6.4,71,40943
The Messengers,2007,5.3,34,39931
License to Wed,2007,5.2,25,39488
Because I Said So,2007,5.5,26,38787
Boy A,2007,7.6,75,37808
The Savages,2007,7.1,85,37464
The King of Kong,2007,8.0,83,36583
Mr. Woodcock,2007,5.2,41,36148
The Last Legion,2007,5.4,37,35889
The Invisible,2007,6.1,36,35654
The Air I Breathe,2007,6.7,37,34258
P2,2007,5.9,37,34180
The Nines,2007,6.2,52,33879
Chaos Theory,2007,6.6,44,32737
Auf der anderen Seite,2007,7.7,85,32156
Sleuth,2007,6.4,49,31949
Son of Rambow,2007,7.0,66,31915
In the Land of Women,2007,6.4,47,31823
2 Days in Paris,2007,6.7,67,31313
The Dark Knight,2008,9.0,84,2600585
WALL·E,2008,8.4,95,1099593
Iron Man,2008,7.9,79,1042872
Slumdog Millionaire,2008,8.0,84,839389
Gran Torino,2008,8.1,72,768999
The Curious Case of Benjamin Button,2008,7.8,70,643270
Taken,2008,7.8,51,598965
The Incredible Hulk,2008,6.6,61,485474
Hancock,2008,6.4,49,478228
Kung Fu Panda,2008,7.6,74,463624
Twilight,2008,5.3,56,458487
Indiana Jones and the Kingdom of the Crystal Skull,2008,6.1,65,451385
The Hurt Locker,2008,7.5,95,448914
Quantum of Solace,2008,6.6,58,445901
In Bruges,2008,7.9,67,419444
Tropic Thunder,2008,7.0,71,411740
Cloverfield,2008,7.0,64,396497
Wanted,2008,6.7,64,386934
Yes Man,2008,6.8,46,359991
Pineapple Express,2008,6.9,64,337979
Burn After Reading,2008,7.0,63,330692
Jumper,2008,6.1,35,305841
The Wrestler,2008,7.9,80,304581
Seven Pounds,2008,7.6,36,301640
Step Brothers,2008,6.9,51,293131
Forgetting Sarah Marshall,2008,7.1,67,284185
Hellboy II: The Golden Army,2008,7.0,78,270587
Vicky Cristina Barcelona,2008,7.1,70,255067
Changeling,2008,7.8,63,254734
RocknRolla,2008,7.2,53,250852
21,2008,6.8,48,250275
The Reader,2008,7.6,58,244296
Valkyrie,2008,7.1,56,243582
Mamma Mia!,2008,6.5,51,242887
Rambo,2008,7.0,46,230941
Role Models,2008,6.8,61,230938
Body of Lies,2008,7.0,57,228418
Madagascar: Escape 2 Africa,2008,6.6,61,225917
Ip Man,2008,8.0,59,223118
Get Smart,2008,6.5,54,217695
The Boy in the Striped Pajamas,2008,7.7,55,216734
Låt den rätte komma in,2008,7.9,82,216009
Revolutionary Road,2008,7.3,69,212504
The Chronicles of Narnia: Prince Caspian,2008,6.5,62,209609
Bolt,2008,6.8,67,209499
Death Race,2008,6.4,43,208768
The Happening,2008,5.0,34,206698
You Don't Mess with the Zohan,2008,5.6,54,201877
Eagle Eye,2008,6.6,43,186818
The Bank Job,2008,7.2,69,181522
Zack and Miri Make a Porno,2008,6.5,56,177533
What Happens in Vegas,2008,6.1,36,176703
Milk,2008,7.5,83,172578
The Day the Earth Stood Still,2008,5.5,40,170689
Transporter 3,2008,6.0,51,167157
"Definitely, Maybe",2008,7.1,59,165805
27 Dresses,2008,6.1,47,164308
The Mummy: Tomb of the Dragon Emperor,2008,5.2,31,160364
Marley & Me,2008,7.0,53,158144
Vantage Point,2008,6.6,40,150331
Defiance,2008,7.1,58,147706
Gake no ue no Ponyo,2008,7.6,86,142314
Horton Hears a Who!,2008,6.8,71,140128
Harold & Kumar Escape from Guantanamo Bay,2008,6.5,57,137151
"10,000 BC",2008,5.1,34,131180
Bronson,2008,7.0,71,130940
The Strangers,2008,6.1,47,130359
Doubt,2008,7.5,68,129292
Max Payne,2008,5.3,31,126284
Australia,2008,6.6,53,124768
Saw V,2008,5.8,20,124494
Journey to the Center of the Earth,2008,5.8,57,122582
Sex and the City,2008,5.6,53,122212
Street Kings,2008,6.8,55,113841
The Other Boleyn Girl,2008,6.7,50,112991
Frost/Nixon,2008,7.7,80,108106
Meet the Spartans,2008,2.8,9,108024
Mirrors,2008,6.1,35,107631
The Forbidden Kingdom,2008,6.5,57,105824
Never Back Down,2008,6.5,39,101532
Babylon A.D.,2008,5.5,26,95955
The Spiderwick Chronicles,2008,6.5,62,95785
Bedtime Stories,2008,6.0,33,95132
Nick and Norah's Infinite Playlist,2008,6.6,64,92488
The X Files: I Want to Believe,2008,5.9,47,91548
Disaster Movie,2008,1.9,15,91427
Be Kind Rewind,2008,6.4,52,91413
"Synecdoche, New York",2008,7.5,67,91153
Righteous Kill,2008,6.0,36,88380
Sex Drive,2008,6.5,49,87943
Step Up 2: The Streets,2008,6.2,50,87582
Eden Lake,2008,6.7,65,84776
The House Bunny,2008,5.5,55,83996
The Duchess,2008,6.9,62,83216
Semi-Pro,2008,5.8,47,82696
Fool's Gold,2008,5.7,29,79765
Felon,2008,7.4,58,78635
Inkheart,2008,6.1,49,77905
Doomsday,2008,5.9,51,77147
Outlander,2008,6.2,40,75786
The Ruins,2008,5.9,44,75134
Speed Racer,2008,6.0,37,73854
Ghost Town,2008,6.7,72,73649
Quarantine,2008,5.9,53,73608
Blindness,2008,6.5,45,73007
Four Christmases,2008,5.7,41,72081
Sunshine Cleaning,2008,6.8,61,72007
Made of Honor,2008,5.8,37,71897
Hunger,2008,7.5,82,70334
How to Lose Friends & Alienate People,2008,6.4,35,69559
Superhero Movie,2008,4.6,33,69028
City of Ember,2008,6.4,58,66061
Chugyeokja,2008,7.8,64,66005
Star Wars: The Clone Wars,2008,5.9,35,65989
The Midnight Meat Train,2008,6.0,58,65127
Punisher: War Zone,2008,5.9,30,63546
High School Musical 3: Senior Year,2008,4.9,57,62756
Appaloosa,2008,6.7,64,61450
The Spirit,2008,4.7,30,61374
Pride and Glory,2008,6.6,45,61330
Drillbit Taylor,2008,5.7,41,60563
Religulous,2008,7.6,56,59185
Vals Im Bashir,2008,8.0,91,57920
Traitor,2008,6.9,61,57786
Bangkok Dangerous,2008,5.3,24,56883
Man on Wire,2008,7.7,89,55906
The Eye,2008,5.4,36,53687
Transsiberian,2008,6.6,72,53073
The Love Guru,2008,3.8,24,52901
Lakeview Terrace,2008,6.1,47,52607
Okuribito,2008,8.0,68,52075
"Food, Inc.",2008,7.8,80,51173
The Brothers Bloom,2008,6.7,55,50769
Untraceable,2008,6.2,32,50644
Rachel Getting Married,2008,6.7,82,49420
Gomorra,2008,7.0,87,48986
W.,2008,6.3,56,48374
"New York, I Love You",2008,6.2,49,46433
Chi bi,2008,7.3,73,46377
Baby Mama,2008,6.0,55,45363
My Best Friend's Girl,2008,5.8,34,44395
Meet Dave,2008,5.0,43,41120
Two Lovers,2008,7.0,74,40587
Happy-Go-Lucky,2008,7.0,84,39618
Deception,2008,6.0,31,39548
JCVD,2008,7.1,64,39047
The Rocker,2008,6.2,53,38787
The Hottie & the Nottie,2008,1.9,7,38339
Nothing But the Truth,2008,7.2,64,38265
The Tale of Despereaux,2008,6.1,53,38216
Der Baader Meinhof Komplex,2008,7.3,76,38104
Splinter,2008,6.1,58,37747
Passengers,2008,5.8,40,37372
Dear Zachary: A Letter to a Son About His Father,2008,8.5,82,36841
Prom Night,2008,3.9,17,36044
Joheunnom nabbeunnom isanghannom,2008,7.2,69,35851
Entre les murs,2008,7.5,92,35458
Nim's Island,2008,6.0,55,35400
Shutter,2008,5.2,37,34352
Che: Part Two,2008,6.8,64,33813
L'instinct de mort,2008,7.5,71,33788
Choke,2008,6.4,47,32644
Jodhaa Akbar,2008,7.5,69,32607
Leatherheads,2008,6.0,56,32443
Pathology,2008,5.9,55,32438
One Missed Call,2008,4.0,24,32415
Pontypool,2008,6.5,54,32391
Ong Bak 2,2008,6.2,47,30786
The Wackness,2008,6.9,61,30745
Inglourious Basterds,2009,8.3,69,1418699
Avatar,2009,7.8,83,1216912
Up,2009,8.3,88,1028835
The Hangover,2009,7.7,73,776232
District 9,2009,7.9,81,676358
Sherlock Holmes,2009,7.6,57,627793
Star Trek,2009,7.9,82,601413
Zombieland,2009,7.6,73,569982
Watchmen,2009,7.6,56,547228
Harry Potter and the Half-Blood Prince,2009,7.6,78,536109
(500) Days of Summer,2009,7.7,76,509963
X-Men Origins: Wolverine,2009,6.5,40,501250
Transformers: Revenge of the Fallen,2009,5.9,35,405518
3 Idiots,2009,8.4,67,393710
2012,2009,5.8,49,375703
Terminator Salvation,2009,6.5,49,360582
Moon,2009,7.8,67,357121
Up in the Air,2009,7.4,83,334428
The Blind Side,2009,7.6,53,329031
The Proposal,2009,6.7,48,325537
Public Enemies,2009,7.0,70,301645
Law Abiding Citizen,2009,7.4,34,295187
Angels & Demons,2009,6.7,48,291830
Fast & Furious,2009,6.5,46,285549
The Twilight Saga: New Moon,2009,4.7,44,283333
Ice Age: Dawn of the Dinosaurs,2009,6.9,50,243801
The Road,2009,7.2,64,238055
Knowing,2009,6.2,41,234041
Mr. Nobody,2009,7.8,63,232118
Cloudy with a Chance of Meatballs,2009,6.9,66,230558
Fantastic Mr. Fox,2009,7.9,83,228822
Coraline,2009,7.7,80,224037
Orphan,2009,7.0,42,219840
The Ugly Truth,2009,6.4,28,218454
Män som hatar kvinnor,2009,7.8,76,216517
G.I. Joe: The Rise of Cobra,2009,5.7,32,208597
El secreto de sus ojos,2009,8.2,80,208363
"I Love You, Man",2009,7.0,70,205840
Drag Me to Hell,2009,6.6,83,202366
17 Again,2009,6.4,48,199651
The Taking of Pelham 123,2009,6.4,55,197142
Night at the Museum: Battle of the Smithsonian,2009,6.0,42,195287
Surrogates,2009,6.3,45,175072
He's Just Not That Into You,2009,6.4,47,172573
The Lovely Bones,2009,6.6,42,169321
Monsters vs. Aliens,2009,6.4,56,161479
Adventureland,2009,6.8,76,160877
Underworld: Rise of the Lycans,2009,6.5,44,159953
Invictus,2009,7.3,74,159371
State of Play,2009,7.1,64,152208
Pandorum,2009,6.7,28,151273
The Time Traveler's Wife,2009,7.1,47,151076
Crank: High Voltage,2009,6.1,41,149815
The Imaginarium of Doctor Parnassus,2009,6.8,65,149526
Brüno,2009,5.9,54,149029
The Princess and the Frog,2009,7.1,73,143070
A Serious Man,2009,7.0,84,142395
The Invention of Lying,2009,6.3,58,140838
9,2009,7.0,60,139903
Gamer,2009,5.7,27,134977
An Education,2009,7.3,85,134202
Jennifer's Body,2009,5.4,47,133468
The Men Who Stare at Goats,2009,6.2,54,132458
Daybreakers,2009,6.4,57,128961
Antichrist,2009,6.5,49,126337
Brothers,2009,7.1,58,125938
Funny People,2009,6.3,60,119463
Julie & Julia,2009,7.0,66,119016
A Christmas Carol,2009,6.8,55,114453
A Single Man,2009,7.5,77,112358
Saw VI,2009,6.0,30,111693
The Boat That Rocked,2009,7.3,58,111641
Push,2009,6.1,36,111354
Precious,2009,7.3,78,110735
Paul Blart: Mall Cop,2009,5.2,39,110454
Couples Retreat,2009,5.5,23,108606
Bride Wars,2009,5.4,24,107987
Friday the 13th,2009,5.5,34,107291
The Final Destination,2009,5.1,30,105538
Where the Wild Things Are,2009,6.7,71,105060
Un prophète,2009,7.8,90,98441
Year One,2009,4.9,34,98163
Splice,2009,5.8,66,97465
I Love You Phillip Morris,2009,6.6,65,95984
The International,2009,6.5,52,95662
Kynodontas,2009,7.2,73,95358
Flickan som lekte med elden,2009,7.1,66,95306
My Sister's Keeper,2009,7.3,51,93555
It's Complicated,2009,6.5,57,92661
The Last House on the Left,2009,6.5,42,92519
The Box,2009,5.6,47,92056
Ghosts of Girlfriends Past,2009,5.8,34,90034
Crazy Heart,2009,7.2,83,89826
Harry Brown,2009,7.2,55,87672
Case 39,2009,6.2,25,86459
The Uninvited,2009,6.3,43,80536
Enter the Void,2009,7.2,69,79774
The Human Centipede (First Sequence),2009,4.4,33,79073
Confessions of a Shopaholic,2009,5.8,38,78537
The Fourth Kind,2009,5.9,34,78115
The Bad Lieutenant: Port of Call - New Orleans,2009,6.6,69,77476
Dragonball Evolution,2009,2.6,45,74530
Youth in Revolt,2009,6.5,63,74489
Whatever Works,2009,7.1,45,74259
Solomon Kane,2009,6.1,48,73729
Chloe,2009,6.3,48,73711
Das weiße Band - Eine deutsche Kindergeschichte,2009,7.8,82,73503
[Rec]²,2009,6.5,52,73095
A Perfect Getaway,2009,6.5,63,72711
Ninja Assassin,2009,6.3,34,72244
Luftslottet som sprängdes,2009,7.3,60,71812
Land of the Lost,2009,5.3,32,70700
Agora,2009,7.1,55,69856
Whip It,2009,6.9,68,67588
Død snø,2009,6.3,61,67134
The Informant!,2009,6.5,66,65418
The Collector,2009,6.3,29,65373
The Boondock Saints II: All Saints Day,2009,6.2,24,64611
Brooklyn's Finest,2009,6.7,43,63907
Madeo,2009,7.8,79,63594
Observe and Report,2009,5.7,54,63392
Fish Tank,2009,7.3,81,62557
The Haunting in Connecticut,2009,5.8,33,62198
The Young Victoria,2009,7.2,64,62146
Everybody's Fine,2009,7.1,47,61614
Valhalla Rising,2009,6.0,61,60381
Race to Witch Mountain,2009,5.7,52,59869
Fanboys,2009,6.5,45,59039
In the Loop,2009,7.4,83,58133
My Bloody Valentine,2009,5.4,51,56945
Planet 51,2009,6.0,39,55289
Halloween II,2009,4.8,35,54223
Away We Go,2009,7.0,58,53686
The Soloist,2009,6.7,61,53669
Darbareye Elly,2009,7.9,87,53434
The Unborn,2009,4.7,30,51459
Duplicity,2009,6.1,69,50425
The Cove,2009,8.4,84,49621
Black Dynamite,2009,7.3,65,49142
Alvin and the Chipmunks: The Squeakquel,2009,4.5,41,49125
Extract,2009,6.1,61,48420
Bakjwi,2009,7.1,73,46760
G-Force,2009,5.1,41,46657
The House of the Devil,2009,6.3,73,46294
Cirque du Freak: The Vampire's Assistant,2009,5.8,43,45212
The Pink Panther 2,2009,5.6,36,45177
Banlieue 13: Ultimatum,2009,6.5,64,44725
Fired Up!,2009,6.1,31,44332
The Damned United,2009,7.5,81,44000
Nine,2009,5.8,49,43921
Notorious,2009,6.6,60,43851
Hannah Montana: The Movie,2009,4.5,47,42687
Capitalism: A Love Story,2009,7.4,61,42677
All About Steve,2009,4.8,17,42254
Los abrazos rotos,2009,7.2,76,40992
The Loved Ones,2009,6.6,73,40958
Did You Hear About the Morgans?,2009,4.9,27,40677
Coco avant Chanel,2009,6.6,65,40636
The Joneses,2009,6.4,55,40534
This Is It,2009,7.2,67,40433
Spread,2009,5.8,43,40211
World's Greatest Dad,2009,6.9,69,39148
After.Life,2009,5.9,36,38754
Soul Kitchen,2009,7.2,76,38430
Inception,2010,8.8,74,2306002
Shutter Island,2010,8.2,63,1282108
Toy Story 3,2010,8.3,92,825803
Iron Man 2,2010,6.9,57,805735
Black Swan,2010,8.0,79,756213
How to Train Your Dragon,2010,8.1,75,730533
The Social Network,2010,7.8,95,693021
The King's Speech,2010,8.0,88,675856
Kick-Ass,2010,7.6,66,558358
Despicable Me,2010,7.6,72,542098
Harry Potter and the Deathly Hallows: Part 1,2010,7.7,65,539622
Tangled,2010,7.7,71,447195
Scott Pilgrim vs. the World,2010,7.5,69,421478
Alice in Wonderland,2010,6.4,53,411649
Easy A,2010,7.0,72,388253
The Town,2010,7.5,74,387256
127 Hours,2010,7.6,82,374654
The Fighter,2010,7.8,79,364903
The Expendables,2010,6.4,45,344008
Due Date,2010,6.5,51,342378
True Grit,2010,7.6,80,336961
Tron,2010,6.8,49,335065
The Book of Eli,2010,6.8,53,316391
Salt,2010,6.4,65,313451
RED,2010,7.0,60,307730
Insidious,2010,6.8,52,305243
Prince of Persia: The Sands of Time,2010,6.6,50,288663
Clash of the Titans,2010,5.8,39,281898
Robin Hood,2010,6.6,53,268003
The Other Guys,2010,6.6,64,266779
The A-Team,2010,6.7,47,258421
Megamind,2010,7.3,63,258212
Grown Ups,2010,5.9,30,250965
The Twilight Saga: Eclipse,2010,5.0,58,245018
The Tourist,2010,6.0,37,242401
Predators,2010,6.4,51,229088
Shrek Forever After,2010,6.3,58,203281
Love & Other Drugs,2010,6.7,55,202857
Machete,2010,6.6,60,197412
Unstoppable,2010,6.8,69,197036
Blue Valentine,2010,7.4,81,196753
The Next Three Days,2010,7.3,52,196706
Knight and Day,2010,6.3,46,195592
Percy Jackson & the Olympians: The Lightning Thief,2010,5.8,47,188441
The Karate Kid,2010,6.2,61,181935
Get Him to the Greek,2010,6.3,65,178530
Tucker and Dale vs Evil,2010,7.5,65,178280
Incendies,2010,8.3,80,175279
Hot Tub Time Machine,2010,6.4,63,174208
Resident Evil: Afterlife,2010,5.8,37,171635
The Ghost Writer,2010,7.2,77,163842
The Last Airbender,2010,4.0,20,163319
Date Night,2010,6.3,56,162828
The Sorcerer's Apprentice,2010,6.1,46,162043
Buried,2010,7.0,65,160594
The Chronicles of Narnia: The Voyage of the Dawn Treader,2010,6.3,53,153806
Dear John,2010,6.3,43,148837
Remember Me,2010,7.1,40,147043
Never Let Me Go,2010,7.1,69,145792
Devil,2010,6.3,44,145469
It's Kind of a Funny Story,2010,7.1,63,143149
Winter's Bone,2010,7.1,90,143091
She's Out of My League,2010,6.4,46,137356
Green Zone,2010,6.8,63,137228
Life as We Know It,2010,6.5,39,132041
The Kids Are All Right,2010,7.0,86,130625
Ang-ma-reul bo-at-da,2010,7.8,67,128748
The Bounty Hunter,2010,5.5,22,127725
Let Me In,2010,7.1,79,121350
The Crazies,2010,6.5,56,121018
Valentine's Day,2010,5.7,34,119878
From Paris with Love,2010,6.4,42,117339
The Way Back,2010,7.3,66,116469
Little Fockers,2010,5.5,27,112672
Faster,2010,6.4,44,107341
The Wolfman,2010,5.8,43,106824
Dinner for Schmucks,2010,5.9,56,106627
My Name Is Khan,2010,7.9,50,106568
Repo Men,2010,6.3,32,106481
The Switch,2010,6.1,52,105742
Legion,2010,5.2,32,105115
Yip Man 2,2010,7.5,67,104955
Leap Year,2010,6.4,33,104123
Paranormal Activity 2,2010,5.7,53,104061
Wall Street: Money Never Sleeps,2010,6.2,59,102891
The Losers,2010,6.3,44,101278
A Nightmare on Elm Street,2010,5.2,35,100284
Letters to Juliet,2010,6.5,50,100045
Saw 3D,2010,5.5,24,98531
Eat Pray Love,2010,5.8,50,97113
The American,2010,6.3,61,96972
Edge of Darkness,2010,6.6,55,94665
Hereafter,2010,6.5,56,93032
Monsters,2010,6.4,63,92552
Beginners,2010,7.2,81,92165
Killers,2010,5.4,21,91965
Karigurashi no Arietty,2010,7.6,80,91897
Piranha 3D,2010,5.5,53,90983
Submarine,2010,7.3,76,90747
Biutiful,2010,7.4,58,90658
Skyline,2010,4.5,26,89939
Flipped,2010,7.7,45,89705
Cop Out,2010,5.5,31,88195
The Last Song,2010,5.9,33,87556
Burlesque,2010,6.4,47,85873
I Spit on Your Grave,2010,6.2,27,84055
Legend of the Guardians: The Owls of Ga'Hoole,2010,6.9,53,83470
Tropa de Elite 2: O Inimigo Agora é Outro,2010,8.0,71,83033
Centurion,2010,6.3,62,82853
Super,2010,6.7,50,80168
Sex and the City 2,2010,4.5,27,79859
Morning Glory,2010,6.5,57,78795
Four Lions,2010,7.2,68,77723
Inside Job,2010,8.2,88,75434
Trolljegeren,2010,6.9,61,74072
Frozen,2010,6.2,43,73499
Senna,2010,8.5,79,70696
Gulliver's Travels,2010,4.9,33,69727
The Debt,2010,6.8,65,69525
Exit Through the Gift Shop,2010,8.0,85,66351
Jûsan-nin no shikaku,2010,7.5,84,65568
Jackass 3D,2010,7.0,56,65402
Takers,2010,6.2,45,62706
When in Rome,2010,5.5,25,62499
Charlie St. Cloud,2010,6.4,37,62281
Jonah Hex,2010,4.7,33,59131
Going the Distance,2010,6.3,51,58511
Step Up 3D,2010,6.1,45,58221
Animal Kingdom,2010,7.3,83,57661
All Good Things,2010,6.3,57,56521
Hesher,2010,6.9,45,52414
You Again,2010,5.7,28,52149
Everything Must Go,2010,6.4,65,51112
How Do You Know,2010,5.4,46,50683
Diary of a Wimpy Kid,2010,6.2,56,50280
The Back-up Plan,2010,5.3,34,50258
Death at a Funeral,2010,5.7,51,50127
The Last Exorcism,2010,5.7,63,50001
Rabbit Hole,2010,7.0,76,49558
Fair Game,2010,6.8,69,49191
The Runaways,2010,6.5,65,49168
Vampires Suck,2010,3.4,18,48992
Don't Be Afraid of the Dark,2010,5.5,56,48909
Last Night,2010,6.5,50,48819
London Boulevard,2010,6.2,52,48451
Black Death,2010,6.4,71,48165
Tooth Fairy,2010,5.0,36,46529
The Company Men,2010,6.7,69,45802
You Will Meet a Tall Dark Stranger,2010,6.3,51,45733
MacGruber,2010,5.6,43,45528
Somewhere,2010,6.3,67,44937
Conviction,2010,7.2,61,44443
The Spy Next Door,2010,5.4,27,44067
Catfish,2010,7.1,65,42966
The Ward,2010,5.5,38,42814
Stake Land,2010,6.4,66,42651
Trust,2010,6.9,60,42566
13,2010,6.0,29,42218
Stone,2010,5.4,58,41675
Hævnen,2010,7.6,65,40206
Wild Target,2010,6.7,41,38336
Greenberg,2010,6.1,76,37738
Rubber,2010,5.7,59,37399
Cyrus,2010,6.3,74,35596
L'illusionniste,2010,7.5,82,35259
6 Souls,2010,6.0,28,34666
The Killer Inside Me,2010,6.1,53,34404
The Whistleblower,2010,7.1,59,34019
Harry Potter and the Deathly Hallows: Part 2,2011,8.1,85,860356
The Intouchables,2011,8.5,57,843459
Thor,2011,7.0,57,837092
Captain America: The First Avenger,2011,6.9,66,833083
X: First Class,2011,7.7,65,687316
Drive,2011,7.8,78,629283
Limitless,2011,7.4,59,567839
Rise of the Planet of the Apes,2011,7.6,68,525086
Pirates of the Caribbean: On Stranger Tides,2011,6.6,45,522739
Source Code,2011,7.5,74,516378
"Crazy, Stupid, Love.",2011,7.4,68,515309
The Hangover Part II,2011,6.4,44,496201
Mission: Impossible - Ghost Protocol,2011,7.4,73,487170
Warrior,2011,8.2,71,468435
The Girl with the Dragon Tattoo,2011,7.8,71,459766
The Help,2011,8.1,62,455084
Sherlock Holmes: A Game of Shadows,2011,7.4,48,451352
Horrible Bosses,2011,6.9,57,446670
Midnight in Paris,2011,7.7,81,420968
Moneyball,2011,7.6,87,418378
The Cabin in the Woods,2011,7.0,72,412904
In Time,2011,6.7,53,407979
Transformers: Dark of the Moon,2011,6.2,42,406368
Fast Five,2011,7.3,66,379011
Friends with Benefits,2011,6.5,63,365812
Super 8,2011,7.0,72,353379
50/50,2011,7.6,72,329447
Real Steel,2011,7.0,56,326138
Hugo,2011,7.5,83,321897
Contagion,2011,6.8,70,302507
Bridesmaids,2011,6.8,75,290837
Green Lantern,2011,5.5,39,284167
Kung Fu Panda 2,2011,7.2,67,281989
Rango,2011,7.2,75,262765
Unknown,2011,6.8,56,261174
The Adjustment Bureau,2011,7.0,60,256707
The Grey,2011,6.8,64,252219
Paul,2011,6.9,57,251785
Jodaeiye Nader az Simin,2011,8.3,95,243665
Just Go with It,2011,6.4,33,243223
Sucker Punch,2011,6.0,33,242579
The Descendants,2011,7.3,84,241712
The Artist,2011,7.9,89,240854
The Twilight Saga: Breaking Dawn - Part 1,2011,4.9,45,239722
I Am Number Four,2011,6.1,36,237633
The Lincoln Lawyer,2011,7.3,63,237598
The Adventures of Tintin,2011,7.3,68,230396
No Strings Attached,2011,6.2,50,229504
Rio,2011,6.9,63,226222
The Ides of March,2011,7.1,67,222668
Cowboys & Aliens,2011,6.0,50,220420
Serbuan maut,2011,7.6,73,203922
Bad Teacher,2011,5.6,47,202914
Tinker Tailor Soldier Spy,2011,7.0,85,201277
Hanna,2011,6.8,65,198709
Shame,2011,7.2,72,195062
Cars 2,2011,6.2,57,187072
The Change-Up,2011,6.3,39,182391
Melancholia,2011,7.1,80,181702
Battle: Los Angeles,2011,5.7,37,180273
The Tree of Life,2011,6.8,85,176810
Immortals,2011,6.0,46,168421
The Mechanic,2011,6.5,49,160727
The Green Hornet,2011,5.8,39,160558
Puss in Boots,2011,6.6,65,158316
War Horse,2011,7.2,72,157044
We Need to Talk About Kevin,2011,7.5,68,153915
One Day,2011,7.0,48,152435
La piel que habito,2011,7.6,70,151847
Scream 4,2011,6.2,52,148326
Tower Heist,2011,6.2,59,143676
We Bought a Zoo,2011,7.1,58,143507
The Thing,2011,6.2,49,132046
Johnny English Reborn,2011,6.3,46,130692
Margin Call,2011,7.1,76,130297
Killer Elite,2011,6.4,44,129640
J. Edgar,2011,6.5,59,128622
Carnage,2011,7.1,61,126774
Hall Pass,2011,5.9,45,125945
Priest,2011,5.7,41,120042
Ghost Rider: Spirit of Vengeance,2011,4.3,34,119434
Water for Elephants,2011,6.9,52,116489
Final Destination 5,2011,5.9,50,115939
Red Riding Hood,2011,5.4,29,112261
The Iron Lady,2011,6.4,52,109267
The Three Musketeers,2011,5.7,35,107983
Attack the Block,2011,6.6,75,106787
Fright Night,2011,6.4,64,105985
The Rum Diary,2011,6.1,56,105128
A Dangerous Method,2011,6.4,76,103602
Hodejegerne,2011,7.5,72,102120
Extremely Loud & Incredibly Close,2011,6.9,46,101982
Colombiana,2011,6.4,45,101448
Your Highness,2011,5.5,31,101302
30 Minutes or Less,2011,6.1,49,100720
Take Shelter,2011,7.3,85,100564
Drive Angry,2011,5.4,44,99513
Conan the Barbarian,2011,5.1,36,99183
You're Next,2011,6.5,66,98796
The Rite,2011,6.0,38,98008
Mr. Popper's Penguins,2011,6.0,53,96917
Another Earth,2011,6.9,66,95777
The Best Exotic Marigold Hotel,2011,7.2,62,95336
Paranormal Activity 3,2011,5.8,59,94977
Season of the Witch,2011,5.4,28,94327
The Muppets,2011,7.1,75,92492
The Smurfs,2011,5.4,30,90372
Our Idiot Brother,2011,6.4,60,87896
Jane Eyre,2011,7.3,76,87770
The Guard,2011,7.3,78,87309
Goon,2011,6.8,64,87249
My Week with Marilyn,2011,6.9,65,87081
Haywire,2011,5.8,67,87062
New Year's Eve,2011,5.6,22,86069
Detachment,2011,7.7,52,85433
Jack and Jill,2011,3.3,23,84653
Young Adult,2011,6.3,71,84341
The Inbetweeners Movie,2011,6.7,44,82832
What's Your Number?,2011,6.0,35,81035
Abduction,2011,5.1,25,80605
Killer Joe,2011,6.7,62,78451
Beastly,2011,5.5,40,77816
Justin Bieber: Never Say Never,2011,1.6,52,76266
The Sitter,2011,5.6,39,70805
The Eagle,2011,6.2,55,70419
God Bless America,2011,7.1,56,70213
A Very Harold & Kumar 3D Christmas,2011,6.2,61,69755
Larry Crowne,2011,6.1,41,67623
Dream House,2011,6.0,35,66889
The Awakening,2011,6.4,53,66600
Machine Gun Preacher,2011,6.7,43,66209
Salmon Fishing in the Yemen,2011,6.8,58,64924
Red State,2011,6.1,50,64588
"Jeff, Who Lives at Home",2011,6.5,60,63977
Something Borrowed,2011,5.8,36,62396
The Devil's Double,2011,7.1,52,62211
Like Crazy,2011,6.6,68,61776
Zookeeper,2011,5.2,30,61551
The Darkest Hour,2011,4.9,18,61352
Bernie,2011,6.8,75,60505
Perfect Sense,2011,7.0,55,60271
The Art of Getting By,2011,6.5,36,59023
Arthur Christmas,2011,7.1,69,58854
Grave Encounters,2011,6.1,33,58043
Gnomeo & Juliet,2011,5.9,53,56046
Apollo 18,2011,5.2,24,55731
Sanctum,2011,5.9,42,55699
The Dilemma,2011,5.3,46,54363
Win Win,2011,7.1,75,53956
Take Me Home Tonight,2011,6.3,42,53519
Martha Marcy May Marlene,2011,6.8,75,53168
Don 2,2011,7.0,49,53013
Jin ling shi san chai,2011,7.5,46,52864
Arthur,2011,5.7,36,52001
Soul Surfer,2011,7.0,53,49777
Footloose,2011,5.8,58,49651
The Beaver,2011,6.6,60,49216
Kill the Irishman,2011,7.0,50,48707
Seeking Justice,2011,6.1,38,46447
Hobo with a Shotgun,2011,6.1,55,46431
Bir Zamanlar Anadolu'da,2011,7.8,82,46320
The Big Year,2011,6.2,53,45420
Monte Carlo,2011,5.8,43,45101
Happy Feet Two,2011,5.8,50,44914
The Dark Knight Rises,2012,8.4,78,1676887
Django Unchained,2012,8.4,81,1521050
The Avengers,2012,8.0,69,1372435
The Hunger Games,2012,7.2,68,907795
The Hobbit: An Unexpected Journey,2012,7.8,58,811883
Silver Linings Playbook,2012,7.7,81,704091
Skyfall,2012,7.8,81,691346
The Amazing Spider-Man,2012,6.9,66,648784
Life of Pi,2012,7.9,79,623535
Argo,2012,7.7,86,610709
Ted,2012,6.9,62,608955
Prometheus,2012,7.0,64,604769
Looper,2012,7.4,84,571777
21 Jump Street,2012,7.2,69,552712
The Perks of Being a Wallflower,2012,8.0,67,505292
Wreck-It Ralph,2012,7.7,72,418174
Brave,2012,7.1,69,407526
Cloud Atlas,2012,7.4,55,361393
Men in Black 3,2012,6.8,58,360510
Flight,2012,7.3,76,351790
Moonrise Kingdom,2012,7.8,84,347370
Jack Reacher,2012,7.0,50,339248
Les Misérables,2012,7.5,63,328180
Jagten,2012,8.3,77,324854
The Expendables 2,2012,6.6,51,306341
Taken 2,2012,6.2,45,306025
The Dictator,2012,6.4,58,304385
Pitch Perfect,2012,7.1,66,303929
The Bourne Legacy,2012,6.6,61,301376
Zero Dark Thirty,2012,7.4,95,298702
Snow White and the Huntsman,2012,6.1,57,288240
Dredd,2012,7.1,60,273439
John Carter,2012,6.6,51,271708
The Place Beyond the Pines,2012,7.3,68,267069
Dark Shadows,2012,6.2,55,266310
Lincoln,2012,7.3,86,259810
Seven Psychopaths,2012,7.1,66,256168
Total Recall,2012,6.2,43,253946
Hotel Transylvania,2012,7.0,47,252840
Chronicle,2012,7.0,69,251216
Sinister,2012,6.8,53,249197
The Twilight Saga: Breaking Dawn - Part 2,2012,5.5,52,247891
Battleship,2012,5.8,41,247831
End of Watch,2012,7.6,68,246958
Lawless,2012,7.2,58,241621
Safe House,2012,6.7,52,222570
Lo imposible,2012,7.5,73,222455
American Reunion,2012,6.7,49,213939
Project X,2012,6.6,48,208957
Ice Age: Continental Drift,2012,6.5,49,208123
The Vow,2012,6.8,43,194055
Wrath of the Titans,2012,5.7,37,189088
This Means War,2012,6.3,31,186457
The Woman in Black,2012,6.4,62,183110
Madagascar 3: Europe's Most Wanted,2012,6.8,60,180307
Mud,2012,7.4,76,179190
Rise of the Guardians,2012,7.2,58,173936
The Master,2012,7.1,86,173570
Abraham Lincoln: Vampire Hunter,2012,5.9,42,155736
Underworld: Awakening,2012,6.3,39,154200
Man on a Ledge,2012,6.6,40,152079
Killing Them Softly,2012,6.2,64,143860
Resident Evil: Retribution,2012,5.3,39,142464
Spring Breakers,2012,5.3,63,142285
This Is 40,2012,6.2,59,139242
Magic Mike,2012,6.1,72,138355
The Campaign,2012,6.1,50,131437
Savages,2012,6.4,59,130106
The Watch,2012,5.7,36,127857
Safety Not Guaranteed,2012,6.9,72,125855
Contraband,2012,6.4,51,122611
Seeking a Friend for the End of the World,2012,6.7,59,114352
Premium Rush,2012,6.5,66,114027
The Lorax,2012,6.4,46,112255
Safe,2012,6.5,55,110729
The Lucky One,2012,6.4,39,108449
Get the Gringo,2012,6.9,60,108089
Frankenweenie,2012,6.9,74,107029
Journey 2: The Mysterious Island,2012,5.7,41,104120
ParaNorman,2012,7.0,72,102094
Ruby Sparks,2012,7.2,67,101081
That's My Boy,2012,5.5,31,100266
Amour,2012,7.9,94,100170
Anna Karenina,2012,6.6,63,99837
The Five-Year Engagement,2012,6.2,62,98940
Lockout,2012,6.0,48,98696
Gangs of Wasseypur,2012,8.2,89,95042
Here Comes the Boom,2012,6.4,40,91553
Stuck in Love,2012,7.2,49,88057
To Rome with Love,2012,6.3,54,88055
Mirror Mirror,2012,5.6,46,87850
The Raven,2012,6.4,44,85222
Beasts of the Southern Wild,2012,7.2,86,83373
Frances Ha,2012,7.4,82,83083
The Words,2012,7.0,37,78262
Rock of Ages,2012,5.9,47,78111
Red Dawn,2012,5.3,31,77498
House at the End of the Street,2012,5.5,31,77132
Wanderlust,2012,5.6,53,77018
Hitchcock,2012,6.8,55,76092
Disconnect,2012,7.5,64,75791
The Iceman,2012,6.8,60,75172
What to Expect When You're Expecting,2012,5.7,41,73071
Upside Down,2012,6.3,45,71953
The First Time,2012,6.8,55,70973
Act of Valor,2012,6.4,40,69301
Searching for Sugar Man,2012,8.2,79,68256
De rouille et d'os,2012,7.4,73,67629
Paranormal Activity 4,2012,4.6,40,66414
Trouble with the Curve,2012,6.8,58,64262
Robot & Frank,2012,7.0,67,64235
Silent Hill: Revelation,2012,4.9,16,63565
The Man with the Iron Fists,2012,5.4,51,62631
V/H/S,2012,5.8,54,62381
Red Lights,2012,6.2,36,61718
The Possession,2012,5.9,45,60233
Step Up Revolution,2012,6.4,43,56290
Stand Up Guys,2012,6.4,41,55593
Arbitrage,2012,6.6,73,52472
Bullet to the Head,2012,5.7,48,50109
The Collection,2012,6.1,38,49920
Kon-Tiki,2012,7.2,62,49200
The Pirates! In an Adventure with Scientists!,2012,6.7,73,48413
The Imposter,2012,7.5,77,47892
Cosmopolis,2012,5.1,58,47676
En kongelig affære,2012,7.5,73,47654
Think Like a Man,2012,6.5,51,47410
Bachelorette,2012,5.3,53,47280
The Odd Life of Timothy Green,2012,6.6,47,47010
Holy Motors,2012,7.0,84,46217
Stolen,2012,5.5,43,45103
Ôkami kodomo no Ame to Yuki,2012,8.1,71,44642
Gone,2012,5.9,36,44506
Byzantium,2012,6.5,66,43804
People Like Us,2012,7.0,49,43183
A Thousand Words,2012,5.8,26,42785
The Sessions,2012,7.2,79,42780
Hope Springs,2012,6.3,65,42730
Piranha 3DD,2012,3.7,24,42638
One for the Money,2012,5.3,22,42624
Talaash,2012,7.2,65,42450
On the Road,2012,6.0,56,41904
Would You Rather,2012,5.7,20,41564
The Broken Circle Breakdown,2012,7.7,70,41204
The Tall Man,2012,5.9,52,41091
Deadfall,2012,6.2,52,39511
John Dies at the End,2012,6.3,53,38487
Promised Land,2012,6.6,55,38214
Liberal Arts,2012,6.7,55,38149
The Act of Killing,2012,8.2,91,38107
The Paperboy,2012,5.7,45,37837
Maniac,2012,6.1,47,37671
The Cold Light of Day,2012,4.9,22,37634
The Guilt Trip,2012,5.8,50,37535
Hit and Run,2012,6.1,50,36253
The Devil Inside,2012,4.2,18,36059
Red Tails,2012,5.9,46,35664
[Rec]³: Génesis,2012,5.0,45,35495
Compliance,2012,6.4,68,34663
Alex Cross,2012,5.1,30,34145
The Wolf of Wall Street,2013,8.2,75,1371007
Iron Man Three,2013,7.1,62,838172
Gravity,2013,7.7,96,818757
Man of Steel,2013,7.1,55,761816
Prisoners,2013,8.1,70,694603
12 Years a Slave,2013,8.1,96,693527
Thor: The Dark World,2013,6.8,54,673161
The Hunger Games: Catching Fire,2013,7.5,76,658038
World War Z,2013,7.0,63,657284
Now You See Me,2013,7.2,50,651585
The Hobbit: The Desolation of Smaug,2013,7.8,66,650577
Frozen,2013,7.4,75,617925
Her,2013,8.0,91,603010
The Great Gatsby,2013,7.2,55,536546
Oblivion,2013,7.0,54,520266
The Conjuring,2013,7.5,68,499271
Pacific Rim,2013,6.9,65,498140
Dallas Buyers Club,2013,7.9,79,483537
Star Trek Into Darkness,2013,7.7,72,482087
American Hustle,2013,7.2,90,476038
Rush,2013,8.1,74,474894
The Wolverine,2013,6.7,61,462874
Captain Phillips,2013,7.8,82,456044
We're the Millers,2013,7.0,44,445111
Elysium,2013,6.6,61,444679
This Is the End,2013,6.6,67,408881
Despicable Me 2,2013,7.3,62,397601
Furious 6,2013,7.0,61,392630
Snowpiercer,2013,7.1,84,357618
Monsters University,2013,7.3,65,356064
About Time,2013,7.8,55,343769
The Secret Life of Walter Mitty,2013,7.3,54,315363
The Hangover Part III,2013,5.8,30,313328
Lone Survivor,2013,7.5,60,286180
The World's End,2013,6.9,81,280419
Olympus Has Fallen,2013,6.5,41,275021
Kick-Ass 2,2013,6.5,41,271428
Escape Plan,2013,6.7,49,242075
Ender's Game,2013,6.6,51,239722
Don Jon,2013,6.5,66,239409
The Lone Ranger,2013,6.4,37,234298
Warm Bodies,2013,6.8,60,231021
The Purge,2013,5.7,41,222211
White House Down,2013,6.3,52,221147
Pain & Gain,2013,6.4,45,216482
Gangster Squad,2013,6.7,40,215287
The Croods,2013,7.2,55,213446
2 Guns,2013,6.7,55,210993
Oz the Great and Powerful,2013,6.3,44,207830
A Good Day to Die Hard,2013,5.2,28,206989
Hansel & Gretel: Witch Hunters,2013,6.1,23,206094
The Internship,2013,6.3,42,204112
Blue Jasmine,2013,7.3,78,202494
After Earth,2013,4.8,33,201001
Enemy,2013,6.9,61,191762
Side Effects,2013,7.1,75,188415
G.I. Joe: Retaliation,2013,5.7,41,181511
Anchorman 2: The Legend Continues,2013,6.3,61,181268
Mama,2013,6.2,57,180196
The Heat,2013,6.6,60,172197
RED 2,2013,6.6,47,170896
Evil Dead,2013,6.5,57,170589
Insidious: Chapter 2,2013,6.5,40,169692
Riddick,2013,6.4,49,165916
Saving Mr. Banks,2013,7.5,65,161621
47 Ronin,2013,6.2,28,159763
Before Midnight,2013,7.9,94,156903
Begin Again,2013,7.4,62,155944
Grown Ups 2,2013,5.3,19,154237
The Spectacular Now,2013,7.1,82,153573
Inside Llewyn Davis,2013,7.4,93,153534
La vie d'Adèle,2013,7.7,89,151470
The Way Way Back,2013,7.4,68,149869
Locke,2013,7.1,81,149277
Under the Skin,2013,6.3,80,142626
Carrie,2013,5.8,53,140236
The Last Stand,2013,6.3,54,139053
Jack the Giant Slayer,2013,6.2,51,138665
The Book Thief,2013,7.5,53,135317
The Mortal Instruments: City of Bones,2013,5.8,33,133782
Identity Thief,2013,5.7,35,133638
Last Vegas,2013,6.6,48,132706
R.I.P.D.,2013,5.6,25,132662
Oculus,2013,6.5,61,128537
Coherence,2013,7.2,65,126862
Nymphomaniac: Vol. I,2013,6.9,64,123916
Parker,2013,6.2,42,122774
The Call,2013,6.7,51,122226
Homefront,2013,6.5,40,120294
La migliore offerta,2013,7.8,49,118571
Nebraska,2013,7.7,87,118179
Percy Jackson: Sea of Monsters,2013,5.7,39,118049
The Family,2013,6.3,42,116691
Out of the Furnace,2013,6.7,63,115809
The Butler,2013,7.2,65,115073
The Host,2013,5.8,35,114940
Trance,2013,6.9,61,114148
Only God Forgives,2013,5.7,37,112627
Safe Haven,2013,6.6,34,110777
Stoker,2013,6.8,58,109003
Filth,2013,7.0,56,108832
Movie 43,2013,4.3,18,105754
Epic,2013,6.6,52,105351
Cloudy with a Chance of Meatballs 2,2013,6.3,59,102667
The Counselor,2013,5.4,48,101430
Only Lovers Left Alive,2013,7.2,79,100383
Philomena,2013,7.6,77,99996
Jobs,2013,6.0,44,98282
Turbo,2013,6.4,58,96926
Bad Grandpa,2013,6.5,54,95184
42,2013,7.5,62,95096
Nymphomaniac: Vol. II,2013,6.6,60,92376
August: Osage County,2013,7.2,58,90500
La grande bellezza,2013,7.7,86,90442
Snitch,2013,6.4,51,88387
Beautiful Creatures,2013,6.1,52,87998
The Bling Ring,2013,5.6,66,87907
Short Term 12,2013,7.9,82,87666
Kaze tachinu,2013,7.7,83,85059
Horns,2013,6.4,46,83602
The Kings of Summer,2013,7.1,61,81547
Fruitvale Station,2013,7.5,85,81265
All Is Lost,2013,6.9,87,80520
Broken City,2013,6.1,49,80270
Delivery Man,2013,6.3,44,79436
Machete Kills,2013,5.6,41,79153
The F Word,2013,6.8,59,77704
Oldboy,2013,5.7,49,76074
Dark Skies,2013,6.3,50,76013
21 & Over,2013,5.8,34,74895
Blue Ruin,2013,7.1,78,73764
The Incredible Burt Wonderstone,2013,5.9,44,73764
Hummingbird,2013,6.2,43,72398
Scary Movie 5,2013,3.5,11,71657
Europa Report,2013,6.4,68,71321
Dead Man Down,2013,6.4,39,68114
Blackfish,2013,8.1,83,67503
Runner Runner,2013,5.6,36,63772
The Frozen Ground,2013,6.4,37,63197
Enough Said,2013,7.0,78,63086
Grudge Match,2013,6.4,35,60644
Drinking Buddies,2013,6.1,71,58598
Ida,2013,7.4,91,57682
The Lunchbox,2013,7.8,76,56037
Chennai Express,2013,6.0,45,54370
Odd Thomas,2013,6.8,45,53337
Bad Words,2013,6.6,57,50762
The East,2013,6.8,68,50628
The Double,2013,6.5,68,50494
The Big Wedding,2013,5.6,28,49907
Le passé,2013,7.7,85,48935
Joe,2013,6.8,74,48681
The Zero Theorem,2013,6.0,50,47651
A Haunted House,2013,5.0,20,46913
Labor Day,2013,6.9,52,46421
Starred Up,2013,7.3,81,46409
Kaguya-hime no Monogatari,2013,8.0,89,46284
Dhoom:3,2013,5.3,61,46232
Mandariinid,2013,8.1,73,46169
The Colony,2013,5.3,28,45497
Interstellar,2014,8.6,74,1771228
Guardians of the Galaxy,2014,8.0,76,1158728
Gone Girl,2014,8.1,79,966504
Whiplash,2014,8.5,88,832106
Captain America: The Winter Soldier,2014,7.8,70,831735
The Grand Budapest Hotel,2014,8.1,88,794658
The Imitation Game,2014,8.0,71,759101
X-Men: Days of Future Past,2014,7.9,75,705985
Edge of Tomorrow,2014,7.9,71,667412
Kingsman: The Secret Service,2014,7.7,60,660048
Birdman or (The Unexpected Virtue of Ignorance),2014,7.7,87,623887
John Wick,2014,7.4,68,618221
Ex Machina,2014,7.7,78,536962
Nightcrawler,2014,7.8,76,535515
The Hobbit: The Battle of the Five Armies,2014,7.4,59,520919
The Amazing Spider-Man 2,2014,6.6,53,491952
Lucy,2014,6.4,61,490610
American Sniper,2014,7.3,72,481667
Fury,2014,7.5,64,481369
The Maze Runner,2014,6.8,57,460989
Divergent,2014,6.6,48,456658
Big Hero 6,2014,7.8,74,456079
The Hunger Games: Mockingjay - Part 1,2014,6.6,64,450693
The Theory of Everything,2014,7.7,71,446026
Dawn of the Planet of the Apes,2014,7.6,79,438651
Godzilla,2014,6.4,62,411569
22 Jump Street,2014,7.0,71,374248
The Fault in Our Stars,2014,7.7,69,373637
Maleficent,2014,6.9,56,372552
The Equalizer,2014,7.2,57,367529
Boyhood,2014,7.9,100,353127
The Lego Movie,2014,7.7,83,351890
How to Train Your Dragon 2,2014,7.8,77,332369
The Interview,2014,6.5,52,329321
Transformers: Age of Extinction,2014,5.6,32,312882
Neighbors,2014,6.3,68,309025
300: Rise of an Empire,2014,6.2,48,299930
Predestination,2014,7.4,69,280702
Non-Stop,2014,6.9,56,263937
Noah,2014,5.8,68,254573
It Follows,2014,6.8,83,237885
Transcendence,2014,6.2,42,228715
RoboCop,2014,6.2,52,227178
The Babadook,2014,6.8,86,221058
Chef,2014,7.3,68,214708
Teenage Mutant Ninja Turtles,2014,5.8,31,210496
Relatos salvajes,2014,8.1,77,196421
Dracula Untold,2014,6.2,40,194270
Taken 3,2014,6.0,26,192095
The Judge,2014,7.4,48,190691
A Million Ways to Die in the West,2014,6.1,44,188783
What We Do in the Shadows,2014,7.6,76,181996
The Expendables 3,2014,6.1,35,181780
Horrible Bosses 2,2014,6.3,40,172207
Need for Speed,2014,6.4,39,170781
Exodus: Gods and Kings,2014,6.0,52,168567
Unbroken,2014,7.2,59,166949
Sin City: A Dame to Kill For,2014,6.5,46,161653
Annabelle,2014,5.4,37,157958
Hercules,2014,6.0,47,155779
The Drop,2014,7.0,69,151938
The Purge: Anarchy,2014,6.4,50,151580
Foxcatcher,2014,7.0,81,142629
Into the Woods,2014,5.9,69,141077
The Other Woman,2014,6.0,39,140713
"Love, Rosie",2014,7.1,44,139481
Dumb and Dumber To,2014,5.6,36,137317
Still Alice,2014,7.5,72,134678
Let's Be Cops,2014,6.4,30,134128
Blended,2014,6.5,31,132151
The Monuments Men,2014,6.1,52,131897
Jack Ryan: Shadow Recruit,2014,6.2,57,131782
Wild,2014,7.1,74,129058
I Origins,2014,7.3,57,125185
Serbuan maut 2: Berandal,2014,7.9,71,122967
If I Stay,2014,6.7,46,122927
Night at the Museum: Secret of the Tomb,2014,6.2,47,121554
A Walk Among the Tombstones,2014,6.5,57,121488
The Giver,2014,6.4,47,119295
Paddington,2014,7.2,77,114822
Ride Along,2014,6.1,41,113995
Sex Tape,2014,5.1,36,112698
Pompeii,2014,5.5,39,111587
Inherent Vice,2014,6.6,81,104339
St. Vincent,2014,7.2,64,103472
That Awkward Moment,2014,6.1,36,103345
The Guest,2014,6.7,76,100372
3 Days to Kill,2014,6.2,40,93806
Big Eyes,2014,7.0,62,93017
"As Above, So Below",2014,6.2,39,92722
Selma,2014,7.5,80,91574
Penguins of Madagascar,2014,6.6,53,90461
Rio 2,2014,6.3,49,90178
The Hundred-Foot Journey,2014,7.3,55,82952
"I, Frankenstein",2014,5.1,30,81123
This Is Where I Leave You,2014,6.6,44,80287
Frank,2014,6.9,75,79063
Before I Go to Sleep,2014,6.3,41,78979
Deliver Us from Evil,2014,6.2,40,77327
Seventh Son,2014,5.5,30,77100
A Most Wanted Man,2014,6.7,73,76489
Unfriended,2014,5.6,59,75532
The Water Diviner,2014,7.0,50,75245
A Most Violent Year,2014,7.0,79,72412
The Best of Me,2014,6.6,29,71926
The Book of Life,2014,7.2,67,71110
Two Night Stand,2014,6.3,45,70421
The Gambler,2014,6.0,55,70417
Mr. Peabody & Sherman,2014,6.8,59,70174
Into the Storm,2014,5.8,44,68319
Magic in the Moonlight,2014,6.5,54,67970
The November Man,2014,6.2,38,67961
The Signal,2014,6.0,54,66013
Sabotage,2014,5.7,41,63710
Draft Day,2014,6.8,54,60460
Calvary,2014,7.4,77,59416
Before We Go,2014,6.8,31,58191
Song of the Sea,2014,8.0,85,58102
The Voices,2014,6.3,58,58039
The Boxtrolls,2014,6.8,61,57874
Autómata,2014,6.0,37,56985
Pride,2014,7.8,79,56977
Mommy,2014,8.0,74,56781
Eliza Graves,2014,6.8,52,56698
The Loft,2014,6.3,24,56539
The Cobbler,2014,5.8,23,56338
'71,2014,7.2,83,56282
Citizenfour,2014,8.0,88,55585
Turist,2014,7.2,87,54975
Winter's Tale,2014,6.1,31,54757
The Legend of Hercules,2014,4.2,22,54660
Walk of Shame,2014,6.0,25,54650
Vampire Academy,2014,5.4,31,54604
Creep,2014,6.3,74,54564
Leviafan,2014,7.6,92,53474
Tusk,2014,5.3,55,53229
Ouija,2014,4.5,38,52818
Veronica Mars,2014,6.7,62,52668
"Ich seh, Ich seh",2014,6.7,81,52172
Tammy,2014,4.9,39,51812
Kis Uykusu,2014,8.0,88,51541
While We're Young,2014,6.3,77,50462
Hector and the Search for Happiness,2014,6.9,29,48361
"Deux jours, une nuit",2014,7.3,89,48358
The Rover,2014,6.4,64,48327
Kill the Messenger,2014,6.9,60,46923
Million Dollar Arm,2014,7.0,56,46047
Time Lapse,2014,6.5,50,45743
Pawn Sacrifice,2014,7.0,65,45534
Endless Love,2014,6.2,30,44923
"Alexander and the Terrible, Horrible, No Good, Very Bad Day",2014,6.2,54,44277
The Inbetweeners 2,2014,6.4,55,44158
Laggies,2014,6.4,63,44151
Paranormal Activity: The Marked Ones,2014,5.0,42,42849
God's Not Dead,2014,4.6,16,42839
The Skeleton Twins,2014,6.8,74,42569
Brick Mansions,2014,5.6,40,42483
Camp X-Ray,2014,6.9,54,41491
Maps to the Stars,2014,6.2,67,40946
Mad Max: Fury Road,2015,8.1,90,984594
Star Wars: Episode VII - The Force Awakens,2015,7.8,80,920334
Avengers: Age of Ultron,2015,7.3,66,848638
The Martian,2015,8.0,80,840114
The Revenant,2015,8.0,76,790258
Inside Out,2015,8.2,94,700677
Ant-Man,2015,7.3,64,654657
Jurassic World,2015,6.9,59,636898
The Hateful Eight,2015,7.8,68,588546
Spotlight,2015,8.1,93,464798
Spectre,2015,6.8,60,436855
The Big Short,2015,7.8,81,424280
Sicario,2015,7.6,82,423631
Room,2015,8.1,86,415631
Fast & Furious 7,2015,7.1,67,387502
Mission: Impossible - Rogue Nation,2015,7.4,75,370190
The Hunger Games: Mockingjay - Part 2,2015,6.5,65,322431
Fifty Shades of Grey,2015,4.1,46,318633
Bridge of Spies,2015,7.6,81,309287
The Man from U.N.C.L.E.,2015,7.2,56,304705
Terminator Genisys,2015,6.3,38,276642
Creed,2015,7.6,82,271031
The VVitch: A New-England Folktale,2015,6.9,83,253300
The Lobster,2015,7.1,82,252549
Chappie,2015,6.8,41,250152
The Intern,2015,7.1,51,250061
Maze Runner: The Scorch Trials,2015,6.3,43,247861
Focus,2015,6.6,56,245829
Spy,2015,7.0,75,244271
Minions,2015,6.4,56,236571
Insurgent,2015,6.2,42,236341
Southpaw,2015,7.3,57,235619
San Andreas,2015,6.0,43,235550
Everest,2015,7.1,64,216807
Ted 2,2015,6.3,48,207565
Straight Outta Compton,2015,7.8,72,200453
Jupiter Ascending,2015,5.3,40,188307
The Danish Girl,2015,7.1,66,184541
Tomorrowland,2015,6.4,60,182279
Black Mass,2015,6.9,68,181116
Legend,2015,6.9,55,180081
The Age of Adaline,2015,7.2,51,178520
Cinderella,2015,6.9,67,176224
Steve Jobs,2015,7.2,82,168727
Fantastic Four,2015,4.3,27,166440
Pitch Perfect 2,2015,6.4,63,156495
The Gift,VI) (2015,7.0,77,156337
Crimson Peak,2015,6.5,66,147039
Pixels,2015,5.6,27,144027
Brooklyn,2015,7.5,88,141641
In the Heart of the Sea,2015,6.9,47,138270
Trainwreck,2015,6.2,75,137022
Joy,2015,6.6,56,136569
Get Hard,2015,6.0,34,136138
The Visit,2015,6.2,55,131753
Me and Earl and the Dying Girl,2015,7.7,74,131312
Carol,2015,7.2,94,128666
The Walk,2015,7.3,70,128306
Hotel Transylvania 2,2015,6.6,44,126312
Green Room,2015,7.0,79,122397
Daddy's Home,2015,6.1,42,119427
Burnt,2015,6.6,42,117723
The Good Dinosaur,2015,6.7,66,115194
Vacation,2015,6.1,34,111498
Run All Night,2015,6.6,59,109258
The Invitation,2015,6.6,74,107638
Insidious: Chapter 3,2015,6.1,52,104320
The Last Witch Hunter,2015,5.9,34,103846
Paper Towns,2015,6.3,56,102856
Home,2015,6.6,55,102339
Bone Tomahawk,2015,7.1,72,100800
Demolition,2015,7.0,49,99565
Self/less,2015,6.5,34,99291
Hardcore Henry,2015,6.7,51,95279
Concussion,2015,7.1,55,94826
The Duff,2015,6.4,56,94285
Knock Knock,2015,4.9,53,93980
Eddie the Eagle,2015,7.3,54,93163
American Ultra,2015,6.1,50,91528
Hitman: Agent 47,2015,5.7,28,91115
Goosebumps,2015,6.3,60,88272
Eye in the Sky,2015,7.3,73,86223
No Escape,2015,6.7,38,85789
Dope,2015,7.2,72,85033
The Longest Ride,2015,7.0,33,82856
Trumbo,2015,7.4,60,81404
Beasts of No Nation,2015,7.7,79,81141
Project Almanac,2015,6.3,47,80316
Entourage,2015,6.5,38,80098
Youth,2015,7.3,64,78394
The Wedding Ringer,2015,6.6,35,76102
The Night Before,2015,6.3,58,74370
Mortdecai,2015,5.5,27,73098
Krampus,2015,6.2,49,72715
Anomalisa,2015,7.2,88,71754
Child 44,2015,6.4,41,71259
True Story,2015,6.3,50,68805
Aloha,2015,5.4,40,66994
Sisters,2015,6.0,58,66827
Mr. Holmes,2015,6.8,67,64780
Pan,2015,5.7,36,64204
Irrational Man,2015,6.6,53,63247
Point Break,2015,5.3,34,62929
Solace,2015,6.4,36,62159
Le Petit Prince,2015,7.7,70,61976
The Dressmaker,2015,7.0,47,60642
Blackhat,2015,5.4,51,59923
Woman in Gold,2015,7.3,51,58823
Victoria,2015,7.6,77,58617
Love,2015,6.0,51,58464
Poltergeist,2015,4.9,47,58301
The Man Who Knew Infinity,2015,7.2,56,57096
Victor Frankenstein,2015,5.9,36,56926
Macbeth,2015,6.6,71,56803
Magic Mike XXL,2015,5.6,60,56375
Mr. Right,2015,6.3,52,56252
Wild Card,2015,5.6,40,55841
Masterminds,2016,5.8,47,55694
Yip Man 3,2015,7.0,57,55381
The SpongeBob Movie: Sponge Out of Water,2015,6.0,62,55370
Sinister 2,2015,5.3,32,54912
En man som heter Ove,2015,7.7,70,54854
Colonia,2015,7.0,33,53652
Man Up,2015,6.8,69,53136
Amy,2015,7.8,85,52099
Hot Pursuit,2015,5.1,31,51466
Scouts Guide to the Zombie Apocalypse,2015,6.3,32,51002
Far from the Madding Crowd,2015,7.1,71,49549
The Ridiculous 6,2015,4.8,18,49401
Saul fia,2015,7.4,91,48805
Secret in Their Eyes,2015,6.3,45,48524
The Final Girls,2015,6.5,59,46951
The Peanuts Movie,2015,7.0,67,46038
Slow West,2015,6.9,72,45605
Dark Places,2015,6.2,39,45267
Maggie,2015,5.6,52,44444
Sleeping with Other People,2015,6.5,64,43992
The Lazarus Effect,2015,5.2,31,43603
Last Knights,2015,6.1,27,43379
Absolutely Anything,2015,5.9,31,42989
High-Rise,2015,5.5,65,42607
The Stanford Prison Experiment,2015,6.8,67,42473
The Transporter Refueled,2015,5.1,32,42244
Suffragette,2015,6.9,64,42163
The Boy Next Door,2015,4.7,30,42152
The Gunman,2015,5.8,39,41174
Under sandet,2015,7.8,75,41087
Shaun the Sheep Movie,2015,7.3,81,40724
Regression,2015,5.6,32,40079
Going Clear: Scientology & the Prison of Belief,2015,8.0,80,39261
Hot Tub Time Machine 2,2015,5.0,29,39258
Deadpool,2016,8.0,65,1016010
Captain America: Civil War,2016,7.8,75,771414
Doctor Strange,2016,7.5,72,727897
Batman v Superman: Dawn of Justice,2016,6.4,44,692366
Arrival,2016,7.9,81,680850
Suicide Squad,2016,5.9,40,678942
Rogue One,2016,7.8,65,619410
La La Land,2016,8.0,94,575604
Hacksaw Ridge,2016,8.1,71,513421
Zootopia,2016,8.0,78,490542
Split,X) (2016,7.3,62,485306
Fantastic Beasts and Where to Find Them,2016,7.2,66,470276
X-Men: Apocalypse,2016,6.9,52,430414
Passengers,2016,7.0,41,399115
Moana,2016,7.6,81,329003
10 Cloverfield Lane,2016,7.2,76,323070
The Nice Guys,2016,7.3,70,320833
Moonlight,2016,7.4,99,304525
The Accountant,2016,7.3,51,293964
Now You See Me 2,2016,6.4,46,285511
Manchester by the Sea,2016,7.8,96,278090
The Jungle Book,2016,7.4,77,275746
Nocturnal Animals,2016,7.5,67,275298
Finding Dory,2016,7.3,77,272634
Don't Breathe,2016,7.1,71,270550
Sully,2016,7.4,74,269549
The Conjuring 2,2016,7.3,65,265978
Warcraft,2016,6.7,32,262370
Kimi no na wa.,2016,8.4,79,259611
Me Before You,2016,7.4,51,248596
Star Trek Beyond,2016,7.0,68,245233
Lion,2016,8.0,69,234855
Ghostbusters,2016,6.9,60,229691
Hell or High Water,2016,7.6,88,228859
Hidden Figures,2016,7.8,74,226589
Jason Bourne,2016,6.6,58,226248
Captain Fantastic,2016,7.8,72,217073
Busanhaeng,2016,7.6,73,214998
War Dogs,2016,7.1,57,214927
The Magnificent Seven,2016,6.8,54,210967
The Secret Life of Pets,2016,6.5,61,200947
Assassin's Creed,2016,5.6,36,198622
Sausage Party,2016,6.1,66,193218
Central Intelligence,2016,6.3,52,188318
The Girl on the Train,2016,6.5,48,186305
Independence Day: Resurgence,2016,5.2,32,179057
The Legend of Tarzan,2016,6.2,44,176530
The Promise,2016,6.0,49,176170
Inferno,2016,6.2,42,175026
Miss Peregrine's Home for Peculiar Children,2016,6.7,57,171249
Deepwater Horizon,2016,7.1,68,168019
Sing,2016,7.1,59,166639
London Has Fallen,2016,5.9,28,157978
Jack Reacher: Never Go Back,2016,6.1,47,157884
Kung Fu Panda 3,2016,7.1,66,156952
Allied,2016,7.1,60,155876
Snowden,2016,7.3,58,151464
The Founder,2016,7.2,66,149020
Ah-ga-ssi,2016,8.1,84,143224
13 Hours,2016,7.3,48,141218
"Hail, Caesar!",2016,6.3,72,134401
The Great Wall,2016,5.9,42,134335
The Shallows,2016,6.3,59,132474
Hush,2016,6.6,67,131007
Hunt for the Wilderpeople,2016,7.8,81,129745
Nerve,2016,6.5,58,129475
Kubo and the Two Strings,2016,7.7,84,128503
Lights Out,2016,6.3,58,128498
The Edge of Seventeen,2016,7.3,77,125312
Bad Moms,2016,6.2,60,124779
Dirty Grandpa,2016,5.8,21,123626
Neighbors 2: Sorority Rising,2016,5.7,58,122754
Allegiant,2016,5.6,33,121516
Swiss Army Man,2016,6.9,64,120546
Gods of Egypt,2016,5.4,25,116969
The Autopsy of Jane Doe,2016,6.8,65,116063
Why Him?,2016,6.2,39,112897
Silence,2016,7.1,79,112323
The Huntsman: Winter's War,2016,6.1,35,109535
The 5th Wave,2016,5.2,33,109125
Alice Through the Looking Glass,2016,6.1,34,108023
Fences,2016,7.2,79,107836
Patriots Day,2016,7.3,69,102435
Grimsby,2016,6.2,44,102231
The Purge: Election Year,2016,6.0,55,100886
Collateral Beauty,2016,6.7,23,100166
Money Monster,2016,6.5,55,100040
A Cure for Wellness,2016,6.4,47,97925
The Neon Demon,2016,6.1,51,95025
Resident Evil: The Final Chapter,2016,5.5,49,93908
Sing Street,2016,7.9,79,93319
Teenage Mutant Ninja Turtles: Out of the Shadows,2016,5.9,40,92949
Angry Birds,2016,6.2,43,92220
The Boy,2016,6.0,42,91469
The Lost City of Z,2016,6.6,78,90889
Mike and Dave Need Wedding Dates,2016,5.9,51,89316
How to Be Single,2016,6.0,51,88327
A Monster Calls,2016,7.4,76,88096
The BFG,2016,6.3,66,85837
Mechanic: Resurrection,2016,5.7,38,84707
Trolls,2016,6.4,55,81481
Paterson,2016,7.3,90,81219
Midnight Special,2016,6.6,76,80783
Office Christmas Party,2016,5.8,42,79879
Jackie,V) (2016,6.7,81,79540
Koe no katachi,2016,8.1,78,78753
Café Society,2016,6.6,64,77076
Grave,2016,7.0,81,76560
Underworld: Blood Wars,2016,5.7,23,75916
Bridget Jones's Baby,2016,6.5,59,75574
Miss Sloane,2016,7.5,64,74580
The Infiltrator,2016,7.0,66,73934
The Fundamentals of Caring,2016,7.3,55,72628
Triple 9,2016,6.3,52,72200
Zoolander 2,2016,4.7,34,69363
Gokseong,2016,7.4,81,67239
Elle,2016,7.1,89,66816
The Finest Hours,2016,6.7,58,66736
Ice Age: Collision Course,2016,5.6,34,66498
Criminal,2016,6.3,36,66309
Colossal,2016,6.2,70,64870
Blood Father,2016,6.4,66,64413
Ouija: Origin of Evil,2016,6.2,65,64216
Gold,2016,6.7,49,64129
Keeping Up with the Joneses,2016,5.9,34,63139
Storks,2016,6.8,56,62172
Popstar: Never Stop Never Stopping,2016,6.7,68,61118
Forushande,2016,7.7,85,60400
"I, Daniel Blake",2016,7.8,78,59890
The Girl with All the Gifts,2016,6.6,67,59719
Ride Along 2,2016,5.8,32,58820
Pete's Dragon,2016,6.7,71,58393
Free State of Jones,2016,6.9,53,58063
Live by Night,2016,6.4,49,57232
The Light Between Oceans,2016,7.2,60,56761
Pride and Prejudice and Zombies,2016,5.8,45,56323
Florence Foster Jenkins,2016,6.8,71,56116
Everybody Wants Some!!,2016,6.9,83,55327
Whiskey Tango Foxtrot,2016,6.6,57,52793
The Belko Experiment,2016,6.1,44,51086
Keanu,2016,6.2,63,48996
Anthropoid,2016,7.2,59,48678
Toni Erdmann,2016,7.3,93,48400
Free Fire,2016,6.3,63,46887
The Do-Over,2016,5.7,22,46621
Before I Wake,2016,6.2,68,46584
The Boss,2016,5.4,40,46374
Imperium,2016,6.5,68,46062
Blair Witch,2016,5.0,47,45847
20th Century Women,2016,7.3,83,45383
A Hologram for the King,2016,6.1,58,44722
Ben-Hur,2016,5.7,38,44336
Bastille Day,2016,6.3,48,43920
Logan,2017,8.1,77,745721
Thor: Ragnarok,2017,7.9,74,731311
Guardians of the Galaxy Vol. 2,2017,7.6,67,666414
Wonder Woman,2017,7.4,76,647909
Dunkirk,2017,7.8,94,644276
Spider-Man: Homecoming,2017,7.4,73,642910
Star Wars: Episode VIII - The Last Jedi,2017,6.9,84,622478
Get Out,2017,7.7,85,583191
Blade Runner 2049,2017,8.0,81,555354
It,2017,7.3,69,532802
Baby Driver,2017,7.6,86,524620
"Three Billboards Outside Ebbing, Missouri",2017,8.1,88,497823
Coco,2017,8.4,81,491567
Justice League,2017,6.1,45,447700
John Wick: Chapter 2,2017,7.4,75,423155
The Shape of Water,2017,7.3,87,414257
Jumanji: Welcome to the Jungle,2017,6.9,58,373059
Kingsman: The Golden Circle,2017,6.7,44,323352
Kong: Skull Island,2017,6.6,62,315925
Pirates of the Caribbean: Dead Men Tell No Tales,2017,6.5,39,306871
Beauty and the Beast,2017,7.1,65,305411
Lady Bird,2017,7.4,93,284931
Alien: Covenant,2017,6.4,65,278900
The Greatest Showman,2017,7.5,48,277219
Call Me by Your Name,2017,7.8,93,265295
War for the Planet of the Apes,2017,7.4,82,254310
Murder on the Orient Express,2017,6.5,52,254115
Wind River,2017,7.7,73,248318
The Fate of the Furious,2017,6.6,56,230100
The Hitman's Bodyguard,2017,6.9,47,229188
Life,2017,6.6,54,228629
Mother!,2017,6.6,75,222323
King Arthur: Legend of the Sword,2017,6.7,41,215411
Ghost in the Shell,2017,6.3,52,213815
"I, Tonya",2017,7.5,77,212680
Darkest Hour,2017,7.4,75,199291
Atomic Blonde,2017,6.7,63,192484
Bright,2017,6.3,29,187838
The Mummy,2017,5.4,34,187101
Baywatch,2017,5.5,37,185086
American Made,2017,7.1,65,181493
Valerian and the City of a Thousand Planets,2017,6.4,51,180301
Molly's Game,2017,7.4,71,169842
Wonder,2017,7.9,66,162614
The Disaster Artist,2017,7.3,76,153129
The Killing of a Sacred Deer,2017,7.0,73,151801
Transformers: The Last Knight,2017,5.2,27,150611
The Post,2017,7.2,83,150246
The Lego Batman Movie,2017,7.3,75,149939
Logan Lucky,2017,7.0,78,148965
Happy Death Day,2017,6.6,58,139515
The Dark Tower,2017,5.6,34,138404
The Big Sick,2017,7.5,86,134687
Despicable Me 3,2017,6.2,49,133920
Annabelle: Creation,2017,6.5,62,132725
Phantom Thread,2017,7.4,90,131122
The Boss Baby,2017,6.3,50,125583
T2 Trainspotting,2017,7.2,67,123818
What Happened to Monday,2017,6.8,47,122316
Good Time,2017,7.3,80,121746
Okja,2017,7.3,75,120505
You Were Never Really Here,2017,6.8,84,118611
Gifted,2017,7.6,60,115644
The Foreigner,2017,7.0,55,114073
The Florida Project,2017,7.6,92,113350
Downsizing,2017,5.7,63,109676
Power Rangers,2017,5.9,44,108058
Gerald's Game,2017,6.5,77,107881
Geostorm,2017,5.3,21,107470
The Death of Stalin,2017,7.2,88,102230
Fifty Shades Darker,2017,4.5,33,102202
The Ritual,2017,6.3,57,98040
Cars 3,2017,6.7,59,97773
It Comes at Night,2017,6.2,78,93289
The Circle,2017,5.3,43,92479
xXx: Return of Xander Cage,2017,5.2,42,92055
Shot Caller,2017,7.3,59,85928
Going in Style,2017,6.6,50,85335
All the Money in the World,2017,6.8,72,84948
Death Note,2017,4.5,43,84562
Hostiles,2017,7.2,65,84552
American Assassin,2017,6.2,45,82179
Jigsaw,2017,5.7,39,79003
Paddington 2,2017,7.8,88,76779
The Mountain Between Us,2017,6.4,48,75086
Papillon,2017,7.2,51,74627
Daddy's Home 2,2017,6.0,30,72962
A Dog's Purpose,2017,7.2,43,72147
A Ghost Story,2017,6.8,84,71742
Only the Brave,2017,7.6,72,68955
Brawl in Cell Block 99,2017,7.1,79,66310
The Snowman,2017,5.1,23,64251
The Emoji Movie,2017,3.3,12,64103
Pitch Perfect 3,2017,5.8,40,64089
The Square,2017,7.1,73,63825
1922,2017,6.2,70,63085
I Don't Feel at Home in This World Anymore,2017,6.9,75,57820
Loving Vincent,2017,7.8,62,57701
The Beguiled,2017,6.3,77,57583
Ferdinand,2017,6.7,58,56937
Jungle,2017,6.7,48,56693
First Reformed,2017,7.1,85,56213
The Upside,2017,7.0,46,56196
Battle of the Sexes,2017,6.7,73,55650
47 Meters Down,2017,5.6,52,55099
Detroit,2017,7.3,77,53056
The Space Between Us,2017,6.4,33,52939
Before I Fall,2017,6.4,58,52269
Rough Night,2017,5.2,51,52153
A Bad Moms Christmas,2017,5.5,42,50481
Icarus,2017,7.9,68,49755
Mudbound,2017,7.4,85,49088
To the Bone,2017,6.8,64,49082
The Meyerowitz Stories (New and Selected),2017,6.9,79,48877
CHIPS,2017,6.0,28,47932
Flatliners,2017,5.2,27,47244
War Machine,2017,6.0,56,46601
Stronger,2017,6.9,76,45130
The House,2017,5.6,30,44540
Suburbicon,2017,5.7,42,44328
Cargo,2017,6.3,65,43498
The Zookeeper's Wife,2017,7.0,57,43325
Revenge,2017,6.4,81,43258
Fist Fight,2017,5.6,37,42828
The Endless,2017,6.5,80,42232
Thoroughbreds,2017,6.6,75,42163
Ingrid Goes West,2017,6.6,71,41950
Rings,2017,4.5,25,40657
The Wife,2017,7.2,77,39896
"Everything, Everything",2017,6.3,52,38738
"Roman J. Israel, Esq.",2017,6.5,58,38093
Girls Trip,2017,6.2,71,37602
Kidnap,2017,5.9,44,37142
Time Trap,2017,6.2,46,36921
The Shack,2017,6.2,32,35876
Victoria & Abdul,2017,6.8,58,35826
Snatched,2017,4.6,45,35641
Unlocked,2017,6.3,46,35317
Ghost Stories,2017,6.4,68,34454
The Discovery,2017,6.2,54,34422
The Glass Castle,2017,7.1,56,33733
Nelyubov,2017,7.6,86,33078
Avengers: Infinity War,2018,8.4,68,1047187
Black Panther,2018,7.3,88,741863
Deadpool 2,2018,7.7,66,567530
Bohemian Rhapsody,2018,7.9,49,529221
A Quiet Place,2018,7.5,82,516593
Spider-Man: Into the Spider-Verse,2018,8.4,87,509541
Green Book,2018,8.2,69,476500
Venom,2018,6.6,35,475539
Aquaman,2018,6.8,55,464363
Ready Player One,2018,7.4,64,428300
Ant-Man and the Wasp,2018,7.0,70,391518
A Star Is Born,2018,7.6,88,378427
Solo: A Star Wars Story,2018,6.9,62,340162
Bird Box,2018,6.6,51,333656
Mission: Impossible - Fallout,2018,7.7,86,328165
Annihilation,2018,6.8,79,321053
Jurassic World: Fallen Kingdom,2018,6.1,51,312378
Hereditary,2018,7.3,87,302708
Incredibles 2,2018,7.6,80,291986
Fantastic Beasts: The Crimes of Grindelwald,2018,6.5,52,278706
BlacKkKlansman,2018,7.5,83,260118
Game Night,2018,6.9,66,232945
Ocean's Eight,2018,6.3,61,216427
Tomb Raider,2018,6.3,48,213079
The Favourite,2018,7.5,91,197990
First Man,2018,7.3,84,186918
Red Sparrow,2018,6.6,53,184875
Upgrade,2018,7.5,67,183926
Crazy Rich Asians,2018,6.9,74,170393
The Meg,2018,5.6,46,169974
Isle of Dogs,2018,7.8,82,166432
Rampage,2018,6.1,45,166135
Bumblebee,2018,6.7,66,163096
Searching,2018,7.6,71,161134
Ralph Breaks the Internet,2018,7.0,71,158564
The Equalizer 2,2018,6.7,50,157664
Roma,2018,7.7,96,156666
Bad Times at the El Royale,2018,7.1,60,148385
A Simple Favor,2018,6.8,67,148335
Halloween,2018,6.5,67,148063
Sicario: Day of the Soldado,2018,7.1,61,146230
Vice,2018,7.2,61,145501
The Ballad of Buster Scruggs,2018,7.3,79,145232
The Nun,2018,5.3,46,139102
Maze Runner: The Death Cure,2018,6.2,50,137491
The Mule,2018,7.0,58,135973
Tag,2018,6.5,56,132538
The Predator,2018,5.3,48,131443
Mortal Engines,2018,6.1,44,125277
Creed II,2018,7.1,66,123594
Skyscraper,2018,5.8,51,121618
Pacific Rim: Uprising,2018,5.6,44,116895
The Commuter,2018,6.3,56,114988
"Love, Simon",2018,7.5,72,113998
Den of Thieves,2018,7.0,49,110915
Instant Family,2018,7.3,57,106233
To All the Boys I've Loved Before,2018,7.0,64,106145
The Cloverfield Paradox,2018,5.5,37,104746
Overlord,2018,6.6,60,98527
Widows,2018,6.8,84,97333
Mamma Mia! Here We Go Again,2018,6.6,60,94385
Mary Poppins Returns,2018,6.7,66,87594
Capharnaüm,2018,8.4,75,87412
12 Strong,2018,6.5,54,81111
Blockers,2018,6.2,69,79520
Mile 22,2018,6.1,38,79048
Sorry to Bother You,2018,6.9,80,78482
Mandy,2018,6.5,81,77896
The Spy Who Dumped Me,2018,6.0,52,77475
Christopher Robin,2018,7.2,60,77475
Suspiria,2018,6.7,64,76009
Manbiki kazoku,2018,7.9,93,75451
The House That Jack Built,2018,6.8,42,75253
Eighth Grade,2018,7.4,89,75209
Beautiful Boy,2018,7.3,62,75128
Johnny English Strikes Again,2018,6.2,39,73859
Robin Hood,2018,5.3,32,73358
Hotel Transylvania 3: Summer Vacation,2018,6.3,54,73139
Death Wish,2018,6.3,31,72128
The Christmas Chronicles,2018,7.0,52,71953
Outlaw King,2018,6.9,59,71453
The Grinch,2018,6.3,51,69313
Free Solo,2018,8.1,83,67349
Climax,2018,6.9,67,67268
Fifty Shades Freed,2018,4.5,31,65637
Peppermint,2018,6.4,29,64941
Les frères Sisters,2018,6.9,78,64518
Mid90s,2018,7.3,66,64208
Beoning,2018,7.5,90,63769
The First Purge,2018,5.2,54,63756
Hotel Mumbai,2018,7.6,62,63371
Hunter Killer,2018,6.6,43,63087
Alpha,2018,6.6,63,62299
Mowgli,2018,6.5,51,61933
Insidious: The Last Key,2018,5.7,49,60220
Leave No Trace,2018,7.1,88,59417
Tully,2018,6.9,75,59107
Den skyldige,2018,7.5,83,58397
Zimna wojna,2018,7.5,90,56684
Adrift,2018,6.6,56,56513
Truth or Dare,2018,5.2,35,55888
I Feel Pretty,2018,5.6,48,53896
Hotel Artemis,2018,6.1,58,53392
How It Ends,2018,5.0,36,53005
Extinction,2018,5.8,40,52955
Set It Up,2018,6.5,62,52819
Apostle,2018,6.3,62,52437
Can You Ever Forgive Me?,2018,7.1,87,52148
Arctic,2018,6.8,71,52073
The House with a Clock in Its Walls,2018,6.0,57,51580
Mary Queen of Scots,2018,6.3,60,50201
When We First Met,2018,6.4,36,49203
If Beale Street Could Talk,2018,7.1,87,48553
The Girl in the Spider's Web,2018,6.1,43,47733
Fyre,2018,7.2,75,46505
Unsane,2018,6.4,63,46376
The Guernsey Literary and Potato Peel Pie Society,2018,7.3,65,46126
Dragged Across Concrete,2018,6.9,60,46057
The Old Man & the Gun,2018,6.7,80,45807
A Wrinkle in Time,2018,4.2,53,44958
American Animals,2018,7.0,68,44649
Anon,2018,6.1,54,44361
The Perfection,2018,6.2,60,43173
Peter Rabbit,2018,6.5,51,42810
Operation Finale,2018,6.6,58,42365
Under the Silver Lake,2018,6.5,60,42250
Night School,2018,5.6,43,40798
Summer of 84,2018,6.7,57,40583
Braven,2018,5.9,61,40552
Smallfoot,2018,6.6,60,39464
Sierra Burgess Is a Loser,2018,5.8,60,39043
Overboard,2018,6.0,42,38563
Boy Erased,2018,6.9,69,38549
Replicas,2018,5.4,19,38492
White Boy Rick,2018,6.5,59,37504
Stan & Ollie,2018,7.2,75,37336
Life of the Party,2018,5.6,46,37257
Hold the Dark,2018,5.6,63,37250
Holmes & Watson,2018,3.9,24,36530
The Hate U Give,2018,7.4,81,36177
High Life,2018,5.8,77,35562
Mute,2018,5.4,35,35397
Three Identical Strangers,2018,7.6,81,35347
Freaks,2018,6.7,63,35286
At Eternity's Gate,2018,6.9,76,34977
Todos lo saben,2018,6.9,68,34576
They Shall Not Grow Old,2018,8.2,91,34500
On the Basis of Sex,2018,7.1,59,34271
Slender Man,2018,3.2,30,34089
Winchester,2018,5.4,28,34042
Joker,2019,8.4,59,1230680
Avengers: Endgame,2019,8.4,78,1091305
Gisaengchung,2019,8.5,96,768983
Once Upon a Time in... Hollywood,2019,7.6,83,712499
Knives Out,2019,7.9,82,605319
1917,2019,8.2,78,567971
Captain Marvel,2019,6.8,64,547632
Spider-Man: Far from Home,2019,7.4,69,477831
Star Wars: Episode IX - The Rise of Skywalker,2019,6.5,53,441462
Ford v Ferrari,2019,8.1,81,380294
The Irishman,2019,7.8,94,379962
Jojo Rabbit,2019,7.9,58,378785
John Wick: Chapter 3 - Parabellum,2019,7.4,73,334625
The Gentlemen,2019,7.8,51,328321
Shazam!,2019,7.0,71,327772
Midsommar,2019,7.1,72,302426
Marriage Story,2019,7.9,94,301487
Us,2019,6.8,81,286677
Uncut Gems,2019,7.4,91,275087
Alita: Battle Angel,2019,7.3,53,263690
Aladdin,2019,6.9,53,261839
It Chapter Two,2019,6.5,58,257253
Toy Story 4,2019,7.7,84,245559
Jumanji: The Next Level,2019,6.7,58,244752
The Lion King,2019,6.8,55,241712
Glass,2019,6.6,43,239640
El Camino: A Breaking Bad Movie,2019,7.3,72,237484
Ad Astra,2019,6.5,80,231648
El hoyo,2019,7.0,73,216145
The Lighthouse,2019,7.4,83,209872
Fast & Furious Presents: Hobbs & Shaw,2019,6.5,60,209375
Little Women,2019,7.8,91,197719
Doctor Sleep,2019,7.3,59,188041
Dark Phoenix,2019,5.7,43,184630
Godzilla: King of the Monsters,2019,6.0,48,180385
Zombieland: Double Tap,2019,6.7,55,176716
Terminator: Dark Fate,2019,6.2,54,175372
6 Underground,2019,6.1,41,173579
Rocketman,2019,7.3,69,172923
Frozen II,2019,6.8,64,168958
Pokémon: Detective Pikachu,2019,6.5,53,161306
Yesterday,2019,6.8,55,150874
Ready or Not,2019,6.8,64,146181
Klaus,2019,8.1,65,145914
Men in Black: International,2019,5.6,38,133224
Triple Frontier,2019,6.4,61,127261
How to Train Your Dragon: The Hidden World,2019,7.4,71,126722
The King,2019,7.3,62,126224
Murder Mystery,2019,6.0,38,126163
Sound of Metal,2019,7.7,82,123051
The Two Popes,2019,7.6,75,122722
Escape Room,2019,6.4,48,120618
Booksmart,2019,7.1,84,116717
Bombshell,2019,6.8,64,113635
Gemini Man,2019,5.7,38,113017
Long Shot,2019,6.8,67,110602
Maleficent: Mistress of Evil,2019,6.6,43,103631
Hustlers,2019,6.3,79,99207
Rambo: Last Blood,2019,6.1,26,97311
Brightburn,2019,6.1,44,97204
Angel Has Fallen,2019,6.4,45,96601
"Extremely Wicked, Shockingly Evil and Vile",2019,6.7,52,92933
Pet Sematary,2019,5.7,57,91957
The Highwaymen,2019,6.9,58,90651
I Am Mother,2019,6.7,64,90482
Hellboy,2019,5.2,31,89873
Polar,2019,6.3,19,89071
Portrait de la jeune fille en feu,2019,8.1,95,88802
The Peanut Butter Falcon,2019,7.6,70,88738
Dark Waters,2019,7.6,73,87053
Richard Jewell,2019,7.5,68,86080
Midway,2019,6.7,47,84513
Crawl,2019,6.1,60,83569
Fighting with My Family,2019,7.1,68,80701
Anna,2019,6.6,40,80208
A Beautiful Day in the Neighborhood,2019,7.2,80,78999
The Dead Don't Die,2019,5.4,53,77392
Last Christmas,2019,6.5,50,77129
Scary Stories to Tell in the Dark,2019,6.2,61,75396
Dumbo,2019,6.3,51,75217
Annabelle Comes Home,2019,5.9,53,74488
Fractured,2019,6.4,36,73903
Happy Death Day 2U,2019,6.2,57,73281
Charlie's Angels,2019,4.9,52,72615
Isn't It Romantic,2019,5.9,60,69838
Cold Pursuit,2019,6.2,57,68886
Just Mercy,2019,7.6,68,66782
21 Bridges,2019,6.6,51,66426
The Lego Movie 2: The Second Part,2019,6.6,65,65976
Five Feet Apart,2019,7.2,53,64911
The Farewell,2019,7.5,89,63619
The Secret Life of Pets 2,2019,6.4,55,61545
Velvet Buzzsaw,2019,5.7,61,61050
Dolemite Is My Name,2019,7.2,76,60644
Guns Akimbo,2019,6.3,42,60429
The Hustle,2019,5.4,35,59394
Dolor y gloria,2019,7.5,87,57844
Vivarium,2019,5.8,64,57671
Motherless Brooklyn,2019,6.8,60,56911
Always Be My Maybe,2019,6.8,64,56159
In the Tall Grass,2019,5.4,46,55862
Downton Abbey,2019,7.4,64,55454
Captive State,2019,6.0,54,54406
After,2019,5.2,30,54116
Shaft,2019,6.4,40,53219
Ma,2019,5.6,53,52831
In the Shadow of the Moon,2019,6.2,48,52762
Child's Play,2019,5.7,48,51612
Cats,2019,2.8,32,50934
The Laundromat,2019,6.3,57,50772
Judy,2019,6.8,66,50388
The Curse of La Llorona,2019,5.2,41,49837
The Dirt,2019,6.9,39,49158
I See You,2019,6.8,65,48894
Spies in Disguise,2019,6.8,54,48317
Togo,2019,7.9,69,48259
Stuber,2019,6.1,42,47390
Official Secrets,2019,7.3,63,47342
Color Out of Space,2019,6.1,70,47118
The Lodge,2019,6.0,64,46352
The Professor and the Madman,2019,7.2,27,45746
The Silence,2019,5.3,25,45125
A Rainy Day in New York,2019,6.5,38,43440
The Report,2019,7.2,66,42887
The Good Liar,2019,6.7,55,41470
Serenity,2019,5.4,37,41238
Tolkien,2019,6.8,48,40418
Bad Education,2019,7.1,79,40065
Code 8,2019,6.1,48,39896
Tenki no ko,2019,7.5,72,39371
Gully Boy,2019,7.9,65,39179
The Vast of Night,2019,6.7,84,38907
The Addams Family,2019,5.8,46,38531
Abominable,2019,7.0,61,38301
The Boy Who Harnessed the Wind,2019,7.6,68,37982
Countdown,2019,5.4,31,37746
Late Night,2019,6.5,70,37420
The Art of Self-Defense,2019,6.6,65,37380
Honey Boy,2019,7.2,73,37076
The Informer,2019,6.6,61,36081
